SAVE, 1, 93
SAVE, 5, 48
SAVE, 5, 2
SAVE, 5, 2
SAVE, 5, 3
SAVE, 5, 3
SAVE, 5, 2
SAVE, 5, 7
SAVE, 5, 4
SAVE, 5, 3
SAVE, 5, 3
SAVE, 5, 2
SAVE, 5, 2
SAVE, 5, 2
SAVE, 5, 3
SAVE, 5, 2
SAVE, 5, 2
SAVE, 5, 2
SAVE, 5, 1
SAVE, 5, 1
SAVE, 5, 1
SAVE, 5, 1
SAVE, 5, 1
SAVE, 5, 1
SAVE, 5, 2
SAVE, 5, 2
SAVE, 5, 3
SAVE, 5, 1
SAVE, 5, 1
SAVE, 5, 2
SAVE, 5, 1
SAVE, 5, 1
SAVE, 5, 1
SAVE, 5, 1
SAVE, 5, 1
SAVE, 5, 1
SAVE, 5, 1
SAVE, 5, 2
SAVE, 5, 2
SAVE, 5, 1
SAVE, 5, 1
SAVE, 5, 1
SAVE, 5, 1
SAVE, 5, 1
SAVE, 5, 1
SAVE, 5, 1
SAVE, 5, 0
SAVE, 5, 1
SAVE, 5, 1
SAVE, 5, 2
SAVE, 5, 1
SAVE, 5, 1
SAVE, 5, 1
SAVE, 5, 2
SAVE, 5, 1
SAVE, 5, 2
SAVE, 5, 1
SAVE, 5, 1
SAVE, 5, 1
SAVE, 5, 1
SAVE, 5, 1
SAVE, 5, 2
SAVE, 5, 1
SAVE, 5, 1
SAVE, 5, 1
SAVE, 5, 1
SAVE, 5, 1
SAVE, 5, 0
SAVE, 5, 1
SAVE, 5, 1
SAVE, 5, 2
SAVE, 5, 1
SAVE, 5, 1
SAVE, 5, 2
SAVE, 5, 1
SAVE, 5, 1
SAVE, 5, 1
SAVE, 5, 1
SAVE, 5, 1
SAVE, 5, 1
SAVE, 5, 1
SAVE, 5, 2
SAVE, 5, 2
SAVE, 5, 1
SAVE, 5, 1
SAVE, 5, 1
SAVE, 5, 2
SAVE, 5, 1
SAVE, 5, 1
SAVE, 5, 1
SAVE, 5, 2
SAVE, 5, 1
SAVE, 5, 1
SAVE, 5, 1
SAVE, 5, 1
SAVE, 5, 0
SAVE, 5, 2
SAVE, 5, 1
SAVE, 5, 1
SAVE, 5, 1
SAVE, 5, 1
SAVE, 100, 110
SAVE, 5, 1
SAVE, 5, 1
SAVE, 5, 10
SAVE, 5, 5
SAVE, 5, 5
SAVE, 5, 3
SAVE, 5, 2
SAVE, 5, 18
SAVE, 5, 2
SAVE, 5, 2
SAVE, 5, 3
SAVE, 5, 1
SAVE, 5, 3
SAVE, 5, 2
SAVE, 5, 3
SAVE, 5, 5
SAVE, 5, 1
SAVE, 5, 1
SAVE, 5, 1
SAVE, 5, 1
SAVE, 5, 1
SAVE, 5, 2
SAVE, 5, 1
SAVE, 5, 3
SAVE, 5, 2
SAVE, 5, 2
SAVE, 5, 1
SAVE, 5, 1
SAVE, 5, 1
SAVE, 5, 1
SAVE, 5, 1
SAVE, 5, 1
SAVE, 5, 1
SAVE, 5, 1
SAVE, 5, 0
SAVE, 5, 1
SAVE, 5, 1
SAVE, 5, 1
SAVE, 5, 1
SAVE, 5, 1
SAVE, 5, 0
SAVE, 5, 0
SAVE, 5, 0
SAVE, 5, 3
SAVE, 5, 1
SAVE, 5, 1
SAVE, 5, 1
SAVE, 5, 1
SAVE, 5, 1
SAVE, 5, 1
SAVE, 5, 2
SAVE, 5, 2
SAVE, 5, 1
SAVE, 5, 1
SAVE, 5, 1
SAVE, 5, 1
SAVE, 5, 1
SAVE, 5, 1
SAVE, 5, 1
SAVE, 5, 0
SAVE, 5, 0
SAVE, 5, 0
SAVE, 5, 1
SAVE, 5, 1
SAVE, 5, 1
SAVE, 5, 0
SAVE, 5, 0
SAVE, 5, 1
SAVE, 5, 1
SAVE, 5, 1
SAVE, 5, 2
SAVE, 5, 1
SAVE, 5, 1
SAVE, 5, 1
SAVE, 5, 2
SAVE, 5, 4
SAVE, 5, 2
SAVE, 5, 1
SAVE, 5, 2
SAVE, 5, 3
SAVE, 5, 2
SAVE, 5, 2
SAVE, 5, 1
SAVE, 5, 3
SAVE, 5, 3
SAVE, 5, 2
SAVE, 5, 3
SAVE, 5, 2
SAVE, 5, 2
SAVE, 5, 2
SAVE, 5, 2
SAVE, 5, 1
SAVE, 5, 1
SAVE, 5, 1
SAVE, 5, 1
SAVE, 5, 1
SAVE, 5, 3
SAVE, 5, 2
SAVE, 5, 2
SAVE, 5, 1
SAVE, 100, 78
SAVE, 5, 1
SAVE, 5, 1
SAVE, 5, 1
SAVE, 5, 1
SAVE, 5, 1
SAVE, 5, 2
SAVE, 5, 1
SAVE, 5, 1
SAVE, 5, 1
SAVE, 5, 1
SAVE, 5, 1
SAVE, 5, 1
SAVE, 5, 1
SAVE, 5, 1
SAVE, 5, 1
SAVE, 5, 1
SAVE, 5, 1
SAVE, 5, 1
SAVE, 5, 1
SAVE, 5, 1
SAVE, 5, 1
SAVE, 5, 1
SAVE, 5, 1
SAVE, 5, 1
SAVE, 5, 1
SAVE, 5, 2
SAVE, 5, 2
SAVE, 5, 1
SAVE, 5, 1
SAVE, 5, 1
SAVE, 5, 1
SAVE, 5, 1
SAVE, 5, 2
SAVE, 5, 2
SAVE, 5, 1
SAVE, 5, 0
SAVE, 5, 1
SAVE, 5, 1
SAVE, 5, 1
SAVE, 5, 1
SAVE, 5, 1
SAVE, 5, 1
SAVE, 5, 0
SAVE, 5, 1
SAVE, 5, 1
SAVE, 5, 4
SAVE, 5, 2
SAVE, 5, 1
SAVE, 5, 1
SAVE, 5, 1
SAVE, 5, 1
SAVE, 5, 2
SAVE, 5, 1
SAVE, 5, 3
SAVE, 5, 2
SAVE, 5, 1
SAVE, 5, 1
SAVE, 5, 2
SAVE, 5, 1
SAVE, 5, 2
SAVE, 5, 1
SAVE, 5, 1
SAVE, 5, 1
SAVE, 5, 1
SAVE, 5, 1
SAVE, 5, 0
SAVE, 5, 1
SAVE, 5, 1
SAVE, 5, 1
SAVE, 5, 2
SAVE, 5, 1
SAVE, 5, 1
SAVE, 5, 1
SAVE, 5, 2
SAVE, 5, 1
SAVE, 5, 1
SAVE, 5, 1
SAVE, 5, 1
SAVE, 5, 1
SAVE, 5, 1
SAVE, 5, 0
SAVE, 5, 1
SAVE, 5, 1
SAVE, 5, 1
SAVE, 5, 0
SAVE, 5, 0
SAVE, 5, 1
SAVE, 5, 1
SAVE, 5, 1
SAVE, 5, 0
SAVE, 5, 0
SAVE, 5, 0
SAVE, 5, 1
SAVE, 5, 1
SAVE, 5, 1
SAVE, 5, 1
SAVE, 5, 1
SAVE, 5, 1
SAVE, 5, 1
SAVE, 5, 1
SAVE, 100, 65
SAVE, 5, 1
SAVE, 5, 1
SAVE, 5, 1
SAVE, 5, 1
SAVE, 5, 1
SAVE, 5, 1
SAVE, 5, 1
SAVE, 5, 1
SAVE, 5, 1
SAVE, 5, 0
SAVE, 5, 0
SAVE, 5, 1
SAVE, 5, 1
SAVE, 5, 1
SAVE, 5, 1
SAVE, 5, 1
SAVE, 5, 1
SAVE, 5, 1
SAVE, 5, 1
SAVE, 5, 1
SAVE, 5, 1
SAVE, 5, 1
SAVE, 5, 2
SAVE, 5, 2
SAVE, 5, 1
SAVE, 5, 1
SAVE, 5, 1
SAVE, 5, 1
SAVE, 5, 1
SAVE, 5, 1
SAVE, 5, 1
SAVE, 5, 1
SAVE, 5, 0
SAVE, 5, 1
SAVE, 5, 1
SAVE, 5, 1
SAVE, 5, 2
SAVE, 5, 1
SAVE, 5, 1
SAVE, 5, 1
SAVE, 5, 1
SAVE, 5, 1
SAVE, 5, 1
SAVE, 5, 1
SAVE, 5, 1
SAVE, 5, 0
SAVE, 5, 0
SAVE, 5, 0
SAVE, 5, 0
SAVE, 5, 0
SAVE, 5, 0
SAVE, 5, 0
SAVE, 5, 0
SAVE, 5, 1
SAVE, 5, 1
SAVE, 5, 1
SAVE, 5, 3
SAVE, 5, 1
SAVE, 5, 2
SAVE, 5, 1
SAVE, 5, 1
SAVE, 5, 1
SAVE, 5, 1
SAVE, 5, 1
SAVE, 5, 0
SAVE, 5, 1
SAVE, 5, 1
SAVE, 5, 1
SAVE, 5, 1
SAVE, 5, 1
SAVE, 5, 1
SAVE, 5, 1
SAVE, 5, 1
SAVE, 5, 1
SAVE, 5, 1
SAVE, 5, 1
SAVE, 5, 1
SAVE, 5, 1
SAVE, 5, 1
SAVE, 5, 0
SAVE, 5, 1
SAVE, 5, 1
SAVE, 5, 1
SAVE, 5, 1
SAVE, 5, 1
SAVE, 5, 1
SAVE, 5, 1
SAVE, 5, 1
SAVE, 5, 1
SAVE, 5, 0
SAVE, 5, 1
SAVE, 5, 1
SAVE, 5, 1
SAVE, 5, 1
SAVE, 5, 1
SAVE, 5, 1
SAVE, 5, 2
SAVE, 5, 1
SAVE, 5, 1
SAVE, 5, 1
SAVE, 100, 76
SAVE, 5, 1
SAVE, 5, 1
SAVE, 5, 0
SAVE, 5, 1
SAVE, 5, 1
SAVE, 5, 1
SAVE, 5, 0
SAVE, 5, 1
SAVE, 5, 2
SAVE, 5, 1
SAVE, 5, 2
SAVE, 5, 1
SAVE, 5, 1
SAVE, 5, 1
SAVE, 5, 1
SAVE, 5, 1
SAVE, 5, 1
SAVE, 5, 1
SAVE, 5, 1
SAVE, 5, 1
SAVE, 5, 1
SAVE, 5, 1
SAVE, 5, 1
SAVE, 5, 1
SAVE, 5, 1
SAVE, 5, 1
SAVE, 5, 1
SAVE, 5, 4
SAVE, 5, 1
SAVE, 5, 0
SAVE, 5, 1
SAVE, 5, 1
SAVE, 5, 1
SAVE, 5, 1
SAVE, 5, 0
SAVE, 5, 1
SAVE, 5, 1
SAVE, 5, 1
SAVE, 5, 1
SAVE, 5, 0
SAVE, 5, 1
SAVE, 5, 1
SAVE, 5, 1
SAVE, 5, 1
SAVE, 5, 1
SAVE, 5, 1
SAVE, 5, 1
SAVE, 5, 1
SAVE, 5, 0
SAVE, 5, 1
SAVE, 5, 1
SAVE, 5, 1
SAVE, 5, 1
SAVE, 5, 1
SAVE, 5, 1
SAVE, 5, 0
SAVE, 5, 1
SAVE, 5, 1
SAVE, 5, 1
SAVE, 5, 1
SAVE, 5, 1
SAVE, 5, 1
SAVE, 5, 1
SAVE, 5, 1
SAVE, 5, 1
SAVE, 5, 0
SAVE, 5, 1
SAVE, 5, 1
SAVE, 5, 1
SAVE, 5, 1
SAVE, 5, 1
SAVE, 5, 0
SAVE, 5, 0
SAVE, 5, 1
SAVE, 5, 1
SAVE, 5, 1
SAVE, 5, 0
SAVE, 5, 1
SAVE, 5, 1
SAVE, 5, 1
SAVE, 5, 1
SAVE, 5, 1
SAVE, 5, 1
SAVE, 5, 2
SAVE, 5, 1
SAVE, 5, 1
SAVE, 5, 3
SAVE, 5, 1
SAVE, 5, 1
SAVE, 5, 1
SAVE, 5, 1
SAVE, 5, 1
SAVE, 5, 2
SAVE, 5, 1
SAVE, 5, 1
SAVE, 5, 1
SAVE, 5, 1
SAVE, 5, 1
SAVE, 5, 1
SAVE, 5, 1
SAVE, 100, 50
SAVE, 5, 1
SAVE, 5, 0
SAVE, 5, 1
SAVE, 5, 0
SAVE, 5, 0
SAVE, 5, 1
SAVE, 5, 1
SAVE, 5, 1
SAVE, 5, 1
SAVE, 5, 1
SAVE, 5, 1
SAVE, 5, 1
SAVE, 5, 1
SAVE, 5, 1
SAVE, 5, 0
SAVE, 5, 1
SAVE, 5, 1
SAVE, 5, 0
SAVE, 5, 0
SAVE, 5, 1
SAVE, 5, 1
SAVE, 5, 1
SAVE, 5, 1
SAVE, 5, 0
SAVE, 5, 1
SAVE, 5, 2
SAVE, 5, 1
SAVE, 5, 1
SAVE, 5, 1
SAVE, 5, 4
SAVE, 5, 1
SAVE, 5, 1
SAVE, 5, 0
SAVE, 5, 1
SAVE, 5, 1
SAVE, 5, 1
SAVE, 5, 1
SAVE, 5, 0
SAVE, 5, 0
SAVE, 5, 1
SAVE, 5, 1
SAVE, 5, 1
SAVE, 5, 0
SAVE, 5, 0
SAVE, 5, 1
SAVE, 5, 1
SAVE, 5, 0
SAVE, 5, 0
SAVE, 5, 0
SAVE, 5, 1
SAVE, 5, 1
SAVE, 5, 1
SAVE, 5, 1
SAVE, 5, 1
SAVE, 5, 1
SAVE, 5, 1
SAVE, 5, 0
SAVE, 5, 0
SAVE, 5, 0
SAVE, 5, 0
SAVE, 5, 1
SAVE, 5, 1
SAVE, 5, 1
SAVE, 5, 4
SAVE, 5, 1
SAVE, 5, 1
SAVE, 5, 0
SAVE, 5, 0
SAVE, 5, 1
SAVE, 5, 1
SAVE, 5, 0
SAVE, 5, 0
SAVE, 5, 1
SAVE, 5, 2
SAVE, 5, 1
SAVE, 5, 2
SAVE, 5, 1
SAVE, 5, 1
SAVE, 5, 1
SAVE, 5, 1
SAVE, 5, 1
SAVE, 5, 1
SAVE, 5, 1
SAVE, 5, 1
SAVE, 5, 1
SAVE, 5, 0
SAVE, 5, 1
SAVE, 5, 1
SAVE, 5, 1
SAVE, 5, 1
SAVE, 5, 1
SAVE, 5, 1
SAVE, 5, 1
SAVE, 5, 1
SAVE, 5, 1
SAVE, 5, 1
SAVE, 5, 1
SAVE, 5, 1
SAVE, 5, 1
SAVE, 5, 0
SAVE, 100, 54
SAVE, 5, 3
SAVE, 5, 1
SAVE, 5, 1
SAVE, 5, 1
SAVE, 5, 0
SAVE, 5, 1
SAVE, 5, 1
SAVE, 5, 0
SAVE, 5, 0
SAVE, 5, 1
SAVE, 5, 0
SAVE, 5, 1
SAVE, 5, 1
SAVE, 5, 0
SAVE, 5, 0
SAVE, 5, 1
SAVE, 5, 0
SAVE, 5, 1
SAVE, 5, 1
SAVE, 5, 0
SAVE, 5, 0
SAVE, 5, 1
SAVE, 5, 0
SAVE, 5, 0
SAVE, 5, 1
SAVE, 5, 0
SAVE, 5, 0
SAVE, 5, 0
SAVE, 5, 1
SAVE, 5, 1
SAVE, 5, 0
SAVE, 5, 0
SAVE, 5, 0
SAVE, 5, 1
SAVE, 5, 1
SAVE, 5, 1
SAVE, 5, 1
SAVE, 5, 1
SAVE, 5, 1
SAVE, 5, 1
SAVE, 5, 1
SAVE, 5, 1
SAVE, 5, 1
SAVE, 5, 1
SAVE, 5, 2
SAVE, 5, 1
SAVE, 5, 1
SAVE, 5, 0
SAVE, 5, 1
SAVE, 5, 1
SAVE, 5, 1
SAVE, 5, 1
SAVE, 5, 1
SAVE, 5, 1
SAVE, 5, 1
SAVE, 5, 1
SAVE, 5, 0
SAVE, 5, 0
SAVE, 5, 1
SAVE, 5, 1
SAVE, 5, 1
SAVE, 5, 1
SAVE, 5, 1
SAVE, 5, 1
SAVE, 5, 1
SAVE, 5, 1
SAVE, 5, 1
SAVE, 5, 0
SAVE, 5, 0
SAVE, 5, 1
SAVE, 5, 1
SAVE, 5, 1
SAVE, 5, 1
SAVE, 5, 0
SAVE, 5, 1
SAVE, 5, 1
SAVE, 5, 1
SAVE, 5, 0
SAVE, 5, 0
SAVE, 5, 1
SAVE, 5, 1
SAVE, 5, 1
SAVE, 5, 0
SAVE, 5, 0
SAVE, 5, 1
SAVE, 5, 0
SAVE, 5, 1
SAVE, 5, 1
SAVE, 5, 0
SAVE, 5, 0
SAVE, 5, 1
SAVE, 5, 1
SAVE, 5, 0
SAVE, 5, 0
SAVE, 5, 0
SAVE, 5, 1
SAVE, 5, 1
SAVE, 5, 1
SAVE, 5, 0
SAVE, 5, 0
SAVE, 100, 36
SAVE, 5, 1
SAVE, 5, 1
SAVE, 5, 1
SAVE, 5, 0
SAVE, 5, 0
SAVE, 5, 1
SAVE, 5, 2
SAVE, 5, 1
SAVE, 5, 1
SAVE, 5, 0
SAVE, 5, 0
SAVE, 5, 0
SAVE, 5, 0
SAVE, 5, 0
SAVE, 5, 0
SAVE, 5, 1
SAVE, 5, 0
SAVE, 5, 0
SAVE, 5, 1
SAVE, 5, 0
SAVE, 5, 0
SAVE, 5, 1
SAVE, 5, 1
SAVE, 5, 1
SAVE, 5, 1
SAVE, 5, 1
SAVE, 5, 0
SAVE, 5, 1
SAVE, 5, 1
SAVE, 5, 1
SAVE, 5, 1
SAVE, 5, 1
SAVE, 5, 1
SAVE, 5, 0
SAVE, 5, 0
SAVE, 5, 1
SAVE, 5, 0
SAVE, 5, 1
SAVE, 5, 1
SAVE, 5, 1
SAVE, 5, 1
SAVE, 5, 1
SAVE, 5, 0
SAVE, 5, 1
SAVE, 5, 1
SAVE, 5, 0
SAVE, 5, 0
SAVE, 5, 0
SAVE, 5, 1
SAVE, 5, 0
SAVE, 5, 0
SAVE, 5, 0
SAVE, 5, 1
SAVE, 5, 1
SAVE, 5, 1
SAVE, 5, 1
SAVE, 5, 1
SAVE, 5, 1
SAVE, 5, 0
SAVE, 5, 0
SAVE, 5, 1
SAVE, 5, 0
SAVE, 5, 1
SAVE, 5, 0
SAVE, 5, 0
SAVE, 5, 0
SAVE, 5, 1
SAVE, 5, 0
SAVE, 5, 0
SAVE, 5, 0
SAVE, 5, 0
SAVE, 5, 0
SAVE, 5, 0
SAVE, 5, 0
SAVE, 5, 1
SAVE, 5, 1
SAVE, 5, 1
SAVE, 5, 0
SAVE, 5, 0
SAVE, 5, 0
SAVE, 5, 1
SAVE, 5, 0
SAVE, 5, 0
SAVE, 5, 0
SAVE, 5, 1
SAVE, 5, 1
SAVE, 5, 1
SAVE, 5, 3
SAVE, 5, 1
SAVE, 5, 0
SAVE, 5, 0
SAVE, 5, 0
SAVE, 5, 1
SAVE, 5, 0
SAVE, 5, 0
SAVE, 5, 1
SAVE, 5, 0
SAVE, 5, 1
SAVE, 5, 0
SAVE, 5, 0
SAVE, 100, 52
SAVE, 5, 1
SAVE, 5, 2
SAVE, 5, 0
SAVE, 5, 1
SAVE, 5, 1
SAVE, 5, 1
SAVE, 5, 0
SAVE, 5, 0
SAVE, 5, 0
SAVE, 5, 0
SAVE, 5, 1
SAVE, 5, 1
SAVE, 5, 0
SAVE, 5, 0
SAVE, 5, 1
SAVE, 5, 1
SAVE, 5, 0
SAVE, 5, 0
SAVE, 5, 1
SAVE, 5, 2
SAVE, 5, 1
SAVE, 5, 1
SAVE, 5, 1
SAVE, 5, 1
SAVE, 5, 1
SAVE, 5, 1
SAVE, 5, 0
SAVE, 5, 1
SAVE, 5, 1
SAVE, 5, 0
SAVE, 5, 0
SAVE, 5, 1
SAVE, 5, 1
SAVE, 5, 0
SAVE, 5, 0
SAVE, 5, 0
SAVE, 5, 0
SAVE, 5, 0
SAVE, 5, 0
SAVE, 5, 1
SAVE, 5, 0
SAVE, 5, 1
SAVE, 5, 1
SAVE, 5, 1
SAVE, 5, 1
SAVE, 5, 1
SAVE, 5, 1
SAVE, 5, 1
SAVE, 5, 1
SAVE, 5, 1
SAVE, 5, 1
SAVE, 5, 1
SAVE, 5, 0
SAVE, 5, 0
SAVE, 5, 1
SAVE, 5, 1
SAVE, 5, 1
SAVE, 5, 1
SAVE, 5, 1
SAVE, 5, 1
SAVE, 5, 3
SAVE, 5, 1
SAVE, 5, 0
SAVE, 5, 1
SAVE, 5, 0
SAVE, 5, 0
SAVE, 5, 1
SAVE, 5, 0
SAVE, 5, 1
SAVE, 5, 0
SAVE, 5, 1
SAVE, 5, 1
SAVE, 5, 1
SAVE, 5, 1
SAVE, 5, 0
SAVE, 5, 0
SAVE, 5, 0
SAVE, 5, 1
SAVE, 5, 0
SAVE, 5, 0
SAVE, 5, 1
SAVE, 5, 0
SAVE, 5, 1
SAVE, 5, 0
SAVE, 5, 0
SAVE, 5, 1
SAVE, 5, 0
SAVE, 5, 1
SAVE, 5, 0
SAVE, 5, 0
SAVE, 5, 0
SAVE, 5, 0
SAVE, 5, 0
SAVE, 5, 0
SAVE, 5, 1
SAVE, 5, 0
SAVE, 5, 1
SAVE, 5, 1
SAVE, 5, 0
SAVE, 5, 0
SAVE, 100, 25
SAVE, 5, 0
SAVE, 5, 1
SAVE, 5, 0
SAVE, 5, 0
SAVE, 5, 0
SAVE, 5, 1
SAVE, 5, 0
SAVE, 5, 1
SAVE, 5, 0
SAVE, 5, 0
SAVE, 5, 1
SAVE, 5, 0
SAVE, 5, 0
SAVE, 5, 1
SAVE, 5, 1
SAVE, 5, 1
SAVE, 5, 0
SAVE, 5, 0
SAVE, 5, 1
SAVE, 5, 0
SAVE, 5, 0
SAVE, 5, 1
SAVE, 5, 0
SAVE, 5, 0
SAVE, 5, 1
SAVE, 5, 1
SAVE, 5, 1
SAVE, 5, 0
SAVE, 5, 0
SAVE, 5, 1
SAVE, 5, 0
SAVE, 5, 0
SAVE, 5, 0
SAVE, 5, 1
SAVE, 5, 1
SAVE, 5, 0
SAVE, 5, 1
SAVE, 5, 1
SAVE, 5, 0
SAVE, 5, 1
SAVE, 5, 0
SAVE, 5, 0
SAVE, 5, 0
SAVE, 5, 1
SAVE, 5, 1
SAVE, 5, 0
SAVE, 5, 0
SAVE, 5, 0
SAVE, 5, 0
SAVE, 5, 1
SAVE, 5, 1
SAVE, 5, 1
SAVE, 5, 1
SAVE, 5, 1
SAVE, 5, 1
SAVE, 5, 0
SAVE, 5, 0
SAVE, 5, 0
SAVE, 5, 1
SAVE, 5, 0
SAVE, 5, 1
SAVE, 5, 0
SAVE, 5, 4
SAVE, 5, 1
SAVE, 5, 0
SAVE, 5, 1
SAVE, 5, 1
SAVE, 5, 0
SAVE, 5, 1
SAVE, 5, 0
SAVE, 5, 0
SAVE, 5, 1
SAVE, 5, 0
SAVE, 5, 1
SAVE, 5, 1
SAVE, 5, 0
SAVE, 5, 1
SAVE, 5, 0
SAVE, 5, 0
SAVE, 5, 1
SAVE, 5, 0
SAVE, 5, 0
SAVE, 5, 2
SAVE, 5, 1
SAVE, 5, 1
SAVE, 5, 0
SAVE, 5, 0
SAVE, 5, 1
SAVE, 5, 0
SAVE, 5, 1
SAVE, 5, 0
SAVE, 5, 0
SAVE, 5, 0
SAVE, 5, 1
SAVE, 5, 1
SAVE, 5, 0
SAVE, 5, 1
SAVE, 5, 0
SAVE, 5, 0
SAVE, 5, 0
SAVE, 100, 24
SAVE, 5, 82
SAVE, 5, 21
SAVE, 5, 9
SAVE, 5, 8
SAVE, 5, 11
SAVE, 5, 7
SAVE, 5, 12
SAVE, 5, 9
SAVE, 5, 5
SAVE, 5, 8
SAVE, 5, 7
SAVE, 5, 7
SAVE, 5, 6
SAVE, 5, 5
SAVE, 5, 5
SAVE, 5, 12
SAVE, 5, 6
SAVE, 5, 7
SAVE, 5, 8
SAVE, 5, 7
SAVE, 5, 7
SAVE, 5, 8
SAVE, 5, 6
SAVE, 5, 7
SAVE, 5, 6
SAVE, 5, 7
SAVE, 5, 7
SAVE, 5, 6
SAVE, 5, 6
SAVE, 5, 6
SAVE, 5, 7
SAVE, 5, 7
SAVE, 5, 23
SAVE, 5, 6
SAVE, 5, 5
SAVE, 5, 5
SAVE, 5, 6
SAVE, 5, 5
SAVE, 5, 5
SAVE, 5, 6
SAVE, 5, 5
SAVE, 5, 3
SAVE, 5, 3
SAVE, 5, 3
SAVE, 5, 4
SAVE, 5, 4
SAVE, 5, 4
SAVE, 5, 4
SAVE, 5, 15
SAVE, 5, 5
SAVE, 5, 3
SAVE, 5, 7
SAVE, 5, 4
SAVE, 5, 4
SAVE, 5, 3
SAVE, 5, 3
SAVE, 5, 3
SAVE, 5, 4
SAVE, 5, 3
SAVE, 5, 4
SAVE, 5, 4
SAVE, 5, 3
SAVE, 5, 5
SAVE, 5, 4
SAVE, 5, 4
SAVE, 5, 7
SAVE, 5, 6
SAVE, 5, 3
SAVE, 5, 4
SAVE, 5, 4
SAVE, 5, 5
SAVE, 5, 4
SAVE, 5, 5
SAVE, 5, 4
SAVE, 5, 4
SAVE, 5, 4
SAVE, 5, 5
SAVE, 5, 4
SAVE, 5, 5
SAVE, 5, 3
SAVE, 5, 3
SAVE, 5, 4
SAVE, 5, 4
SAVE, 5, 5
SAVE, 5, 9
SAVE, 5, 3
SAVE, 5, 3
SAVE, 5, 3
SAVE, 5, 3
SAVE, 5, 3
SAVE, 5, 3
SAVE, 5, 3
SAVE, 5, 4
SAVE, 5, 2
SAVE, 5, 3
SAVE, 5, 3
SAVE, 5, 5
SAVE, 5, 7
SAVE, 5, 4
SAVE, 5, 3
SAVE, 100, 15
SAVE, 5, 5
SAVE, 5, 14
SAVE, 5, 4
SAVE, 5, 4
SAVE, 5, 3
SAVE, 5, 3
SAVE, 5, 3
SAVE, 5, 4
SAVE, 5, 5
SAVE, 5, 4
SAVE, 5, 5
SAVE, 5, 3
SAVE, 5, 4
SAVE, 5, 4
SAVE, 5, 3
SAVE, 5, 4
SAVE, 5, 3
SAVE, 5, 3
SAVE, 5, 2
SAVE, 5, 3
SAVE, 5, 4
SAVE, 5, 11
SAVE, 5, 2
SAVE, 5, 3
SAVE, 5, 4
SAVE, 5, 4
SAVE, 5, 3
SAVE, 5, 2
SAVE, 5, 3
SAVE, 5, 3
SAVE, 5, 3
SAVE, 5, 2
SAVE, 5, 2
SAVE, 5, 2
SAVE, 5, 2
SAVE, 5, 3
SAVE, 5, 4
SAVE, 5, 4
SAVE, 5, 3
SAVE, 5, 3
SAVE, 5, 3
SAVE, 5, 4
SAVE, 5, 4
SAVE, 5, 4
SAVE, 5, 9
SAVE, 5, 3
SAVE, 5, 3
SAVE, 5, 3
SAVE, 5, 3
SAVE, 5, 3
SAVE, 5, 3
SAVE, 5, 4
SAVE, 5, 4
SAVE, 5, 3
SAVE, 5, 3
SAVE, 5, 3
SAVE, 5, 5
SAVE, 5, 2
SAVE, 5, 3
SAVE, 5, 3
SAVE, 5, 3
SAVE, 5, 3
SAVE, 5, 2
SAVE, 5, 3
SAVE, 5, 3
SAVE, 5, 3
SAVE, 5, 4
SAVE, 5, 10
SAVE, 5, 3
SAVE, 5, 3
SAVE, 5, 2
SAVE, 5, 3
SAVE, 5, 3
SAVE, 5, 4
SAVE, 5, 4
SAVE, 5, 4
SAVE, 5, 2
SAVE, 5, 3
SAVE, 5, 3
SAVE, 5, 2
SAVE, 5, 3
SAVE, 5, 3
SAVE, 5, 4
SAVE, 5, 4
SAVE, 5, 4
SAVE, 5, 4
SAVE, 5, 4
SAVE, 5, 14
SAVE, 5, 4
SAVE, 5, 4
SAVE, 5, 5
SAVE, 5, 4
SAVE, 5, 6
SAVE, 5, 5
SAVE, 5, 4
SAVE, 5, 4
SAVE, 5, 4
SAVE, 5, 4
SAVE, 5, 3
SAVE, 5, 3
SAVE, 100, 18
SAVE, 5, 3
SAVE, 5, 3
SAVE, 5, 4
SAVE, 5, 4
SAVE, 5, 13
SAVE, 5, 4
SAVE, 5, 7
SAVE, 5, 4
SAVE, 5, 4
SAVE, 5, 4
SAVE, 5, 4
SAVE, 5, 4
SAVE, 5, 5
SAVE, 5, 4
SAVE, 5, 4
SAVE, 5, 4
SAVE, 5, 4
SAVE, 5, 4
SAVE, 5, 2
SAVE, 5, 3
SAVE, 5, 3
SAVE, 5, 4
SAVE, 5, 6
SAVE, 5, 3
SAVE, 5, 12
SAVE, 5, 4
SAVE, 5, 3
SAVE, 5, 3
SAVE, 5, 3
SAVE, 5, 4
SAVE, 5, 4
SAVE, 5, 3
SAVE, 5, 3
SAVE, 5, 2
SAVE, 5, 3
SAVE, 5, 2
SAVE, 5, 3
SAVE, 5, 3
SAVE, 5, 4
SAVE, 5, 3
SAVE, 5, 4
SAVE, 5, 3
SAVE, 5, 4
SAVE, 5, 3
SAVE, 5, 3
SAVE, 5, 3
SAVE, 5, 4
SAVE, 5, 12
SAVE, 5, 3
SAVE, 5, 4
SAVE, 5, 4
SAVE, 5, 5
SAVE, 5, 3
SAVE, 5, 4
SAVE, 5, 4
SAVE, 5, 4
SAVE, 5, 4
SAVE, 5, 4
SAVE, 5, 3
SAVE, 5, 3
SAVE, 5, 4
SAVE, 5, 3
SAVE, 5, 3
SAVE, 5, 3
SAVE, 5, 2
SAVE, 5, 2
SAVE, 5, 4
SAVE, 5, 2
SAVE, 5, 2
SAVE, 5, 3
SAVE, 5, 2
SAVE, 5, 3
SAVE, 5, 2
SAVE, 5, 2
SAVE, 5, 3
SAVE, 5, 2
SAVE, 5, 2
SAVE, 5, 3
SAVE, 5, 2
SAVE, 5, 3
SAVE, 5, 17
SAVE, 5, 2
SAVE, 5, 2
SAVE, 5, 2
SAVE, 5, 2
SAVE, 5, 3
SAVE, 5, 3
SAVE, 5, 2
SAVE, 5, 3
SAVE, 5, 2
SAVE, 5, 2
SAVE, 5, 3
SAVE, 5, 2
SAVE, 5, 2
SAVE, 5, 3
SAVE, 5, 2
SAVE, 5, 3
SAVE, 5, 1
SAVE, 5, 2
SAVE, 5, 3
SAVE, 100, 7
SAVE, 5, 3
SAVE, 5, 3
SAVE, 5, 3
SAVE, 5, 3
SAVE, 5, 4
SAVE, 5, 2
SAVE, 5, 4
SAVE, 5, 16
SAVE, 5, 2
SAVE, 5, 3
SAVE, 5, 3
SAVE, 5, 3
SAVE, 5, 3
SAVE, 5, 3
SAVE, 5, 3
SAVE, 5, 2
SAVE, 5, 2
SAVE, 5, 2
SAVE, 5, 1
SAVE, 5, 2
SAVE, 5, 2
SAVE, 5, 1
SAVE, 5, 2
SAVE, 5, 1
SAVE, 5, 2
SAVE, 5, 1
SAVE, 5, 2
SAVE, 5, 2
SAVE, 5, 2
SAVE, 5, 2
SAVE, 5, 2
SAVE, 5, 1
SAVE, 5, 2
SAVE, 5, 2
SAVE, 5, 2
SAVE, 5, 1
SAVE, 5, 2
SAVE, 5, 1
SAVE, 5, 2
SAVE, 5, 2
SAVE, 5, 2
SAVE, 5, 12
SAVE, 5, 2
SAVE, 5, 2
SAVE, 5, 3
SAVE, 5, 1
SAVE, 5, 2
SAVE, 5, 2
SAVE, 5, 2
SAVE, 5, 5
SAVE, 5, 2
SAVE, 5, 2
SAVE, 5, 3
SAVE, 5, 2
SAVE, 5, 1
SAVE, 5, 2
SAVE, 5, 2
SAVE, 5, 2
SAVE, 5, 2
SAVE, 5, 2
SAVE, 5, 1
SAVE, 5, 2
SAVE, 5, 2
SAVE, 5, 2
SAVE, 5, 2
SAVE, 5, 2
SAVE, 5, 2
SAVE, 5, 2
SAVE, 5, 2
SAVE, 5, 2
SAVE, 5, 2
SAVE, 5, 2
SAVE, 5, 3
SAVE, 5, 2
SAVE, 5, 3
SAVE, 5, 14
SAVE, 5, 2
SAVE, 5, 2
SAVE, 5, 2
SAVE, 5, 2
SAVE, 5, 3
SAVE, 5, 2
SAVE, 5, 2
SAVE, 5, 2
SAVE, 5, 2
SAVE, 5, 1
SAVE, 5, 2
SAVE, 5, 2
SAVE, 5, 2
SAVE, 5, 2
SAVE, 5, 2
SAVE, 5, 2
SAVE, 5, 2
SAVE, 5, 2
SAVE, 5, 1
SAVE, 5, 2
SAVE, 5, 2
SAVE, 5, 1
SAVE, 5, 1
SAVE, 5, 2
SAVE, 100, 5
SAVE, 5, 2
SAVE, 5, 2
SAVE, 5, 2
SAVE, 5, 2
SAVE, 5, 2
SAVE, 5, 2
SAVE, 5, 2
SAVE, 5, 2
SAVE, 5, 13
SAVE, 5, 2
SAVE, 5, 2
SAVE, 5, 2
SAVE, 5, 2
SAVE, 5, 2
SAVE, 5, 2
SAVE, 5, 2
SAVE, 5, 1
SAVE, 5, 2
SAVE, 5, 2
SAVE, 5, 1
SAVE, 5, 2
SAVE, 5, 2
SAVE, 5, 2
SAVE, 5, 1
SAVE, 5, 2
SAVE, 5, 2
SAVE, 5, 1
SAVE, 5, 2
SAVE, 5, 2
SAVE, 5, 1
SAVE, 5, 2
SAVE, 5, 2
SAVE, 5, 1
SAVE, 5, 2
SAVE, 5, 2
SAVE, 5, 2
SAVE, 5, 2
SAVE, 5, 2
SAVE, 5, 2
SAVE, 5, 2
SAVE, 5, 2
SAVE, 5, 1
SAVE, 5, 2
SAVE, 5, 2
SAVE, 5, 2
SAVE, 5, 15
SAVE, 5, 2
SAVE, 5, 2
SAVE, 5, 2
SAVE, 5, 1
SAVE, 5, 2
SAVE, 5, 2
SAVE, 5, 2
SAVE, 5, 1
SAVE, 5, 2
SAVE, 5, 2
SAVE, 5, 2
SAVE, 5, 1
SAVE, 5, 2
SAVE, 5, 3
SAVE, 5, 2
SAVE, 5, 2
SAVE, 5, 2
SAVE, 5, 2
SAVE, 5, 1
SAVE, 5, 2
SAVE, 5, 2
SAVE, 5, 2
SAVE, 5, 2
SAVE, 5, 2
SAVE, 5, 2
SAVE, 5, 1
SAVE, 5, 2
SAVE, 5, 2
SAVE, 5, 2
SAVE, 5, 2
SAVE, 5, 2
SAVE, 5, 1
SAVE, 5, 2
SAVE, 5, 2
SAVE, 5, 2
SAVE, 5, 15
SAVE, 5, 2
SAVE, 5, 2
SAVE, 5, 2
SAVE, 5, 2
SAVE, 5, 2
SAVE, 5, 2
SAVE, 5, 2
SAVE, 5, 2
SAVE, 5, 2
SAVE, 5, 3
SAVE, 5, 3
SAVE, 5, 3
SAVE, 5, 2
SAVE, 5, 2
SAVE, 5, 2
SAVE, 5, 2
SAVE, 5, 2
SAVE, 5, 1
SAVE, 100, 4
SAVE, 5, 3
SAVE, 5, 2
SAVE, 5, 3
SAVE, 5, 2
SAVE, 5, 2
SAVE, 5, 3
SAVE, 5, 3
SAVE, 5, 2
SAVE, 5, 2
SAVE, 5, 1
SAVE, 5, 12
SAVE, 5, 2
SAVE, 5, 1
SAVE, 5, 2
SAVE, 5, 2
SAVE, 5, 2
SAVE, 5, 1
SAVE, 5, 2
SAVE, 5, 2
SAVE, 5, 1
SAVE, 5, 2
SAVE, 5, 2
SAVE, 5, 2
SAVE, 5, 2
SAVE, 5, 2
SAVE, 5, 2
SAVE, 5, 2
SAVE, 5, 2
SAVE, 5, 2
SAVE, 5, 2
SAVE, 5, 3
SAVE, 5, 2
SAVE, 5, 2
SAVE, 5, 2
SAVE, 5, 2
SAVE, 5, 3
SAVE, 5, 2
SAVE, 5, 2
SAVE, 5, 3
SAVE, 5, 1
SAVE, 5, 2
SAVE, 5, 2
SAVE, 5, 1
SAVE, 5, 2
SAVE, 5, 1
SAVE, 5, 14
SAVE, 5, 2
SAVE, 5, 2
SAVE, 5, 2
SAVE, 5, 2
SAVE, 5, 2
SAVE, 5, 2
SAVE, 5, 2
SAVE, 5, 2
SAVE, 5, 2
SAVE, 5, 2
SAVE, 5, 1
SAVE, 5, 2
SAVE, 5, 2
SAVE, 5, 2
SAVE, 5, 2
SAVE, 5, 2
SAVE, 5, 1
SAVE, 5, 2
SAVE, 5, 2
SAVE, 5, 1
SAVE, 5, 3
SAVE, 5, 2
SAVE, 5, 1
SAVE, 5, 2
SAVE, 5, 2
SAVE, 5, 2
SAVE, 5, 2
SAVE, 5, 2
SAVE, 5, 2
SAVE, 5, 2
SAVE, 5, 1
SAVE, 5, 2
SAVE, 5, 2
SAVE, 5, 2
SAVE, 5, 17
SAVE, 5, 2
SAVE, 5, 3
SAVE, 5, 4
SAVE, 5, 3
SAVE, 5, 3
SAVE, 5, 3
SAVE, 5, 2
SAVE, 5, 2
SAVE, 5, 2
SAVE, 5, 2
SAVE, 5, 3
SAVE, 5, 3
SAVE, 5, 3
SAVE, 5, 3
SAVE, 5, 3
SAVE, 5, 2
SAVE, 5, 2
SAVE, 5, 3
SAVE, 5, 2
SAVE, 100, 17
SAVE, 5, 3
SAVE, 5, 2
SAVE, 5, 13
SAVE, 5, 1
SAVE, 5, 2
SAVE, 5, 1
SAVE, 5, 2
SAVE, 5, 1
SAVE, 5, 2
SAVE, 5, 2
SAVE, 5, 1
SAVE, 5, 2
SAVE, 5, 1
SAVE, 5, 2
SAVE, 5, 2
SAVE, 5, 2
SAVE, 5, 2
SAVE, 5, 2
SAVE, 5, 2
SAVE, 5, 2
SAVE, 5, 2
SAVE, 5, 2
SAVE, 5, 2
SAVE, 5, 2
SAVE, 5, 2
SAVE, 5, 1
SAVE, 5, 2
SAVE, 5, 2
SAVE, 5, 2
SAVE, 5, 2
SAVE, 5, 3
SAVE, 5, 4
SAVE, 5, 2
SAVE, 5, 2
SAVE, 5, 3
SAVE, 5, 1
SAVE, 5, 2
SAVE, 5, 2
SAVE, 5, 16
SAVE, 5, 1
SAVE, 5, 2
SAVE, 5, 2
SAVE, 5, 1
SAVE, 5, 2
SAVE, 5, 2
SAVE, 5, 1
SAVE, 5, 2
SAVE, 5, 2
SAVE, 5, 1
SAVE, 5, 2
SAVE, 5, 1
SAVE, 5, 2
SAVE, 5, 2
SAVE, 5, 2
SAVE, 5, 2
SAVE, 5, 2
SAVE, 5, 2
SAVE, 5, 2
SAVE, 5, 2
SAVE, 5, 2
SAVE, 5, 2
SAVE, 5, 2
SAVE, 5, 2
SAVE, 5, 2
SAVE, 5, 1
SAVE, 5, 2
SAVE, 5, 2
SAVE, 5, 1
SAVE, 5, 2
SAVE, 5, 2
SAVE, 5, 2
SAVE, 5, 2
SAVE, 5, 1
SAVE, 5, 2
SAVE, 5, 2
SAVE, 5, 16
SAVE, 5, 2
SAVE, 5, 2
SAVE, 5, 1
SAVE, 5, 2
SAVE, 5, 2
SAVE, 5, 1
SAVE, 5, 2
SAVE, 5, 2
SAVE, 5, 1
SAVE, 5, 2
SAVE, 5, 1
SAVE, 5, 2
SAVE, 5, 2
SAVE, 5, 1
SAVE, 5, 2
SAVE, 5, 2
SAVE, 5, 2
SAVE, 5, 1
SAVE, 5, 2
SAVE, 5, 2
SAVE, 5, 1
SAVE, 5, 2
SAVE, 5, 2
SAVE, 5, 1
SAVE, 100, 4
SAVE, 5, 2
SAVE, 5, 2
SAVE, 5, 2
SAVE, 5, 2
SAVE, 5, 1
SAVE, 5, 2
SAVE, 5, 2
SAVE, 5, 1
SAVE, 5, 2
SAVE, 5, 1
SAVE, 5, 2
SAVE, 5, 18
SAVE, 5, 2
SAVE, 5, 2
SAVE, 5, 2
SAVE, 5, 1
SAVE, 5, 2
SAVE, 5, 2
SAVE, 5, 2
SAVE, 5, 2
SAVE, 5, 2
SAVE, 5, 2
SAVE, 5, 2
SAVE, 5, 2
SAVE, 5, 2
SAVE, 5, 2
SAVE, 5, 1
SAVE, 5, 2
SAVE, 5, 2
SAVE, 5, 1
SAVE, 5, 2
SAVE, 5, 2
SAVE, 5, 2
SAVE, 5, 2
SAVE, 5, 2
SAVE, 5, 2
SAVE, 5, 2
SAVE, 5, 2
SAVE, 5, 2
SAVE, 5, 1
SAVE, 5, 2
SAVE, 5, 2
SAVE, 5, 2
SAVE, 5, 2
SAVE, 5, 2
SAVE, 5, 2
SAVE, 5, 2
SAVE, 5, 2
SAVE, 5, 15
SAVE, 5, 1
SAVE, 5, 2
SAVE, 5, 1
SAVE, 5, 2
SAVE, 5, 2
SAVE, 5, 22
SAVE, 5, 1
SAVE, 5, 2
SAVE, 5, 6
SAVE, 5, 6
SAVE, 5, 3
SAVE, 5, 3
SAVE, 5, 3
SAVE, 5, 3
SAVE, 5, 3
SAVE, 5, 2
SAVE, 5, 3
SAVE, 5, 3
SAVE, 5, 4
SAVE, 5, 2
SAVE, 5, 4
SAVE, 5, 13
SAVE, 5, 3
SAVE, 5, 4
SAVE, 5, 4
SAVE, 5, 4
SAVE, 5, 3
SAVE, 5, 3
SAVE, 5, 3
SAVE, 5, 4
SAVE, 5, 3
SAVE, 5, 3
SAVE, 5, 3
SAVE, 5, 4
SAVE, 5, 3
SAVE, 5, 3
SAVE, 5, 3
SAVE, 5, 6
SAVE, 5, 3
SAVE, 5, 3
SAVE, 5, 4
SAVE, 5, 3
SAVE, 5, 5
SAVE, 5, 4
SAVE, 5, 3
SAVE, 5, 3
SAVE, 5, 3
SAVE, 5, 4
SAVE, 5, 5
SAVE, 5, 12
SAVE, 5, 16
SAVE, 100, 6
SAVE, 5, 3
SAVE, 5, 2
SAVE, 5, 3
SAVE, 5, 2
SAVE, 5, 2
SAVE, 5, 2
SAVE, 5, 3
SAVE, 5, 2
SAVE, 5, 2
SAVE, 5, 2
SAVE, 5, 2
SAVE, 5, 2
SAVE, 5, 2
SAVE, 5, 1
SAVE, 5, 2
SAVE, 5, 2
SAVE, 5, 2
SAVE, 5, 2
SAVE, 5, 2
SAVE, 5, 2
SAVE, 5, 2
SAVE, 5, 2
SAVE, 5, 2
SAVE, 5, 2
SAVE, 5, 2
SAVE, 5, 2
SAVE, 5, 2
SAVE, 5, 2
SAVE, 5, 2
SAVE, 5, 2
SAVE, 5, 19
SAVE, 5, 2
SAVE, 5, 2
SAVE, 5, 2
SAVE, 5, 2
SAVE, 5, 1
SAVE, 5, 2
SAVE, 5, 4
SAVE, 5, 5
SAVE, 5, 3
SAVE, 5, 3
SAVE, 5, 3
SAVE, 5, 3
SAVE, 5, 1
SAVE, 5, 2
SAVE, 5, 2
SAVE, 5, 1
SAVE, 5, 2
SAVE, 5, 1
SAVE, 5, 2
SAVE, 5, 1
SAVE, 5, 2
SAVE, 5, 2
SAVE, 5, 2
SAVE, 5, 2
SAVE, 5, 2
SAVE, 5, 1
SAVE, 5, 2
SAVE, 5, 2
SAVE, 5, 2
SAVE, 5, 1
SAVE, 5, 2
SAVE, 5, 2
SAVE, 5, 2
SAVE, 5, 2
SAVE, 5, 2
SAVE, 5, 16
SAVE, 5, 3
SAVE, 5, 2
SAVE, 5, 2
SAVE, 5, 2
SAVE, 5, 3
SAVE, 5, 2
SAVE, 5, 2
SAVE, 5, 2
SAVE, 5, 2
SAVE, 5, 2
SAVE, 5, 2
SAVE, 5, 1
SAVE, 5, 2
SAVE, 5, 2
SAVE, 5, 3
SAVE, 5, 1
SAVE, 5, 2
SAVE, 5, 2
SAVE, 5, 2
SAVE, 5, 3
SAVE, 5, 2
SAVE, 5, 3
SAVE, 5, 2
SAVE, 5, 2
SAVE, 5, 2
SAVE, 5, 2
SAVE, 5, 2
SAVE, 5, 2
SAVE, 5, 1
SAVE, 5, 2
SAVE, 5, 2
SAVE, 5, 1
SAVE, 5, 2
SAVE, 100, 17
SAVE, 5, 2
SAVE, 5, 2
SAVE, 5, 1
SAVE, 5, 3
SAVE, 5, 1
SAVE, 5, 2
SAVE, 5, 1
SAVE, 5, 2
SAVE, 5, 2
SAVE, 5, 1
SAVE, 5, 2
SAVE, 5, 1
SAVE, 5, 2
SAVE, 5, 1
SAVE, 5, 2
SAVE, 5, 2
SAVE, 5, 2
SAVE, 5, 2
SAVE, 5, 1
SAVE, 5, 2
SAVE, 5, 1
SAVE, 5, 2
SAVE, 5, 2
SAVE, 5, 1
SAVE, 5, 2
SAVE, 5, 1
SAVE, 5, 2
SAVE, 5, 1
SAVE, 5, 2
SAVE, 5, 1
SAVE, 5, 2
SAVE, 5, 2
SAVE, 5, 2
SAVE, 5, 2
SAVE, 5, 2
SAVE, 5, 1
SAVE, 5, 2
SAVE, 5, 16
SAVE, 5, 2
SAVE, 5, 1
SAVE, 5, 2
SAVE, 5, 2
SAVE, 5, 2
SAVE, 5, 1
SAVE, 5, 1
SAVE, 5, 2
SAVE, 5, 2
SAVE, 5, 3
SAVE, 5, 1
SAVE, 5, 2
SAVE, 5, 2
SAVE, 5, 2
SAVE, 5, 1
SAVE, 5, 2
SAVE, 5, 2
SAVE, 5, 2
SAVE, 5, 2
SAVE, 5, 2
SAVE, 5, 1
SAVE, 5, 2
SAVE, 5, 2
SAVE, 5, 2
SAVE, 5, 2
SAVE, 5, 1
SAVE, 5, 2
SAVE, 5, 1
SAVE, 5, 2
SAVE, 5, 2
SAVE, 5, 1
SAVE, 5, 2
SAVE, 5, 1
SAVE, 5, 2
SAVE, 5, 1
SAVE, 5, 2
SAVE, 5, 16
SAVE, 5, 1
SAVE, 5, 2
SAVE, 5, 1
SAVE, 5, 2
SAVE, 5, 2
SAVE, 5, 2
SAVE, 5, 1
SAVE, 5, 2
SAVE, 5, 2
SAVE, 5, 2
SAVE, 5, 2
SAVE, 5, 1
SAVE, 5, 2
SAVE, 5, 1
SAVE, 5, 2
SAVE, 5, 2
SAVE, 5, 1
SAVE, 5, 2
SAVE, 5, 1
SAVE, 5, 2
SAVE, 5, 1
SAVE, 5, 2
SAVE, 5, 1
SAVE, 5, 2
SAVE, 5, 2
SAVE, 100, 4
SAVE, 5, 377
SAVE, 5, 47
SAVE, 5, 13
SAVE, 5, 3
SAVE, 5, 7
SAVE, 5, 3
SAVE, 5, 3
SAVE, 5, 22
SAVE, 5, 3
SAVE, 5, 5
SAVE, 5, 2
SAVE, 5, 3
SAVE, 5, 7
SAVE, 5, 3
SAVE, 5, 2
SAVE, 5, 14
SAVE, 5, 2
SAVE, 5, 11
SAVE, 5, 30
SAVE, 5, 2
SAVE, 5, 2
SAVE, 5, 2
SAVE, 5, 2
SAVE, 5, 2
SAVE, 5, 3
SAVE, 5, 2
SAVE, 5, 2
SAVE, 5, 3
SAVE, 5, 2
SAVE, 5, 2
SAVE, 5, 2
SAVE, 5, 1
SAVE, 5, 1
SAVE, 5, 2
SAVE, 5, 2
SAVE, 5, 2
SAVE, 5, 1
SAVE, 5, 2
SAVE, 5, 2
SAVE, 5, 1
SAVE, 5, 2
SAVE, 5, 2
SAVE, 5, 2
SAVE, 5, 2
SAVE, 5, 2
SAVE, 5, 1
SAVE, 5, 2
SAVE, 5, 4
SAVE, 5, 1
SAVE, 5, 2
SAVE, 5, 1
SAVE, 5, 1
SAVE, 5, 1
SAVE, 5, 1
SAVE, 5, 1
SAVE, 5, 1
SAVE, 5, 2
SAVE, 5, 2
SAVE, 5, 1
SAVE, 5, 1
SAVE, 5, 1
SAVE, 5, 2
SAVE, 5, 2
SAVE, 5, 2
SAVE, 5, 2
SAVE, 5, 2
SAVE, 5, 2
SAVE, 5, 2
SAVE, 5, 1
SAVE, 5, 1
SAVE, 5, 3
SAVE, 5, 2
SAVE, 5, 1
SAVE, 5, 2
SAVE, 5, 2
SAVE, 5, 2
SAVE, 5, 2
SAVE, 5, 4
SAVE, 5, 2
SAVE, 5, 2
SAVE, 5, 1
SAVE, 5, 2
SAVE, 5, 1
SAVE, 5, 1
SAVE, 5, 2
SAVE, 5, 2
SAVE, 5, 1
SAVE, 5, 1
SAVE, 5, 1
SAVE, 5, 1
SAVE, 5, 2
SAVE, 5, 5
SAVE, 5, 2
SAVE, 5, 2
SAVE, 5, 1
SAVE, 5, 4
SAVE, 5, 5
SAVE, 5, 2
SAVE, 5, 1
SAVE, 5, 1
SAVE, 100, 324
SAVE, 5, 10
SAVE, 5, 8
SAVE, 5, 2
SAVE, 5, 2
SAVE, 5, 2
SAVE, 5, 3
SAVE, 5, 2
SAVE, 5, 2
SAVE, 5, 3
SAVE, 5, 9
SAVE, 5, 1
SAVE, 5, 1
SAVE, 5, 1
SAVE, 5, 1
SAVE, 5, 1
SAVE, 5, 1
SAVE, 5, 2
SAVE, 5, 2
SAVE, 5, 2
SAVE, 5, 2
SAVE, 5, 1
SAVE, 5, 1
SAVE, 5, 1
SAVE, 5, 1
SAVE, 5, 2
SAVE, 5, 2
SAVE, 5, 2
SAVE, 5, 1
SAVE, 5, 1
SAVE, 5, 2
SAVE, 5, 1
SAVE, 5, 1
SAVE, 5, 1
SAVE, 5, 1
SAVE, 5, 1
SAVE, 5, 1
SAVE, 5, 1
SAVE, 5, 1
SAVE, 5, 1
SAVE, 5, 2
SAVE, 5, 1
SAVE, 5, 1
SAVE, 5, 1
SAVE, 5, 1
SAVE, 5, 1
SAVE, 5, 1
SAVE, 5, 1
SAVE, 5, 1
SAVE, 5, 1
SAVE, 5, 1
SAVE, 5, 1
SAVE, 5, 1
SAVE, 5, 2
SAVE, 5, 1
SAVE, 5, 1
SAVE, 5, 1
SAVE, 5, 1
SAVE, 5, 2
SAVE, 5, 2
SAVE, 5, 1
SAVE, 5, 1
SAVE, 5, 1
SAVE, 5, 1
SAVE, 5, 1
SAVE, 5, 1
SAVE, 5, 1
SAVE, 5, 4
SAVE, 5, 2
SAVE, 5, 2
SAVE, 5, 2
SAVE, 5, 2
SAVE, 5, 1
SAVE, 5, 1
SAVE, 5, 1
SAVE, 5, 1
SAVE, 5, 1
SAVE, 5, 1
SAVE, 5, 1
SAVE, 5, 1
SAVE, 5, 1
SAVE, 5, 1
SAVE, 5, 1
SAVE, 5, 2
SAVE, 5, 2
SAVE, 5, 1
SAVE, 5, 2
SAVE, 5, 2
SAVE, 5, 2
SAVE, 5, 3
SAVE, 5, 1
SAVE, 5, 1
SAVE, 5, 1
SAVE, 5, 2
SAVE, 5, 1
SAVE, 5, 1
SAVE, 5, 1
SAVE, 5, 1
SAVE, 5, 1
SAVE, 5, 1
SAVE, 5, 1
SAVE, 100, 41
SAVE, 5, 2
SAVE, 5, 1
SAVE, 5, 2
SAVE, 5, 1
SAVE, 5, 2
SAVE, 5, 2
SAVE, 5, 2
SAVE, 5, 1
SAVE, 5, 0
SAVE, 5, 1
SAVE, 5, 1
SAVE, 5, 1
SAVE, 5, 1
SAVE, 5, 1
SAVE, 5, 0
SAVE, 5, 1
SAVE, 5, 2
SAVE, 5, 2
SAVE, 5, 1
SAVE, 5, 1
SAVE, 5, 1
SAVE, 5, 2
SAVE, 5, 1
SAVE, 5, 2
SAVE, 5, 2
SAVE, 5, 2
SAVE, 5, 1
SAVE, 5, 1
SAVE, 5, 1
SAVE, 5, 1
SAVE, 5, 1
SAVE, 5, 1
SAVE, 5, 1
SAVE, 5, 1
SAVE, 5, 1
SAVE, 5, 2
SAVE, 5, 2
SAVE, 5, 2
SAVE, 5, 2
SAVE, 5, 2
SAVE, 5, 3
SAVE, 5, 2
SAVE, 5, 2
SAVE, 5, 2
SAVE, 5, 2
SAVE, 5, 2
SAVE, 5, 1
SAVE, 5, 3
SAVE, 5, 6
SAVE, 5, 2
SAVE, 5, 1
SAVE, 5, 1
SAVE, 5, 2
SAVE, 5, 2
SAVE, 5, 2
SAVE, 5, 1
SAVE, 5, 1
SAVE, 5, 2
SAVE, 5, 2
SAVE, 5, 2
SAVE, 5, 2
SAVE, 5, 2
SAVE, 5, 2
SAVE, 5, 1
SAVE, 5, 1
SAVE, 5, 2
SAVE, 5, 1
SAVE, 5, 1
SAVE, 5, 1
SAVE, 5, 1
SAVE, 5, 2
SAVE, 5, 2
SAVE, 5, 1
SAVE, 5, 1
SAVE, 5, 2
SAVE, 5, 1
SAVE, 5, 1
SAVE, 5, 1
SAVE, 5, 2
SAVE, 5, 2
SAVE, 5, 1
SAVE, 5, 2
SAVE, 5, 1
SAVE, 5, 1
SAVE, 5, 2
SAVE, 5, 1
SAVE, 5, 1
SAVE, 5, 1
SAVE, 5, 1
SAVE, 5, 1
SAVE, 5, 2
SAVE, 5, 2
SAVE, 5, 1
SAVE, 5, 2
SAVE, 5, 2
SAVE, 5, 2
SAVE, 5, 1
SAVE, 5, 1
SAVE, 5, 1
SAVE, 5, 1
SAVE, 100, 20
SAVE, 5, 3
SAVE, 5, 1
SAVE, 5, 1
SAVE, 5, 1
SAVE, 5, 1
SAVE, 5, 1
SAVE, 5, 1
SAVE, 5, 1
SAVE, 5, 1
SAVE, 5, 1
SAVE, 5, 1
SAVE, 5, 3
SAVE, 5, 1
SAVE, 5, 3
SAVE, 5, 1
SAVE, 5, 1
SAVE, 5, 2
SAVE, 5, 1
SAVE, 5, 1
SAVE, 5, 1
SAVE, 5, 1
SAVE, 5, 1
SAVE, 5, 0
SAVE, 5, 1
SAVE, 5, 1
SAVE, 5, 2
SAVE, 5, 1
SAVE, 5, 1
SAVE, 5, 1
SAVE, 5, 1
SAVE, 5, 1
SAVE, 5, 2
SAVE, 5, 2
SAVE, 5, 2
SAVE, 5, 2
SAVE, 5, 2
SAVE, 5, 2
SAVE, 5, 1
SAVE, 5, 1
SAVE, 5, 2
SAVE, 5, 1
SAVE, 5, 1
SAVE, 5, 2
SAVE, 5, 1
SAVE, 5, 1
SAVE, 5, 1
SAVE, 5, 1
SAVE, 5, 1
SAVE, 5, 1
SAVE, 5, 1
SAVE, 5, 2
SAVE, 5, 1
SAVE, 5, 1
SAVE, 5, 1
SAVE, 5, 1
SAVE, 5, 1
SAVE, 5, 1
SAVE, 5, 3
SAVE, 5, 1
SAVE, 5, 2
SAVE, 5, 2
SAVE, 5, 1
SAVE, 5, 1
SAVE, 5, 2
SAVE, 5, 2
SAVE, 5, 2
SAVE, 5, 1
SAVE, 5, 1
SAVE, 5, 1
SAVE, 5, 1
SAVE, 5, 1
SAVE, 5, 1
SAVE, 5, 1
SAVE, 5, 2
SAVE, 5, 2
SAVE, 5, 2
SAVE, 5, 2
SAVE, 5, 1
SAVE, 5, 5
SAVE, 5, 1
SAVE, 5, 13
SAVE, 5, 2
SAVE, 5, 3
SAVE, 5, 1
SAVE, 5, 3
SAVE, 5, 1
SAVE, 5, 1
SAVE, 5, 1
SAVE, 5, 2
SAVE, 5, 7
SAVE, 5, 1
SAVE, 5, 1
SAVE, 5, 1
SAVE, 5, 1
SAVE, 5, 1
SAVE, 5, 1
SAVE, 5, 2
SAVE, 5, 1
SAVE, 5, 1
SAVE, 5, 1
SAVE, 100, 15
SAVE, 5, 1
SAVE, 5, 2
SAVE, 5, 1
SAVE, 5, 1
SAVE, 5, 1
SAVE, 5, 2
SAVE, 5, 2
SAVE, 5, 1
SAVE, 5, 1
SAVE, 5, 1
SAVE, 5, 2
SAVE, 5, 2
SAVE, 5, 1
SAVE, 5, 1
SAVE, 5, 1
SAVE, 5, 2
SAVE, 5, 3
SAVE, 5, 1
SAVE, 5, 1
SAVE, 5, 1
SAVE, 5, 1
SAVE, 5, 1
SAVE, 5, 1
SAVE, 5, 1
SAVE, 5, 1
SAVE, 5, 2
SAVE, 5, 2
SAVE, 5, 1
SAVE, 5, 1
SAVE, 5, 1
SAVE, 5, 1
SAVE, 5, 1
SAVE, 5, 1
SAVE, 5, 1
SAVE, 5, 1
SAVE, 5, 1
SAVE, 5, 1
SAVE, 5, 2
SAVE, 5, 1
SAVE, 5, 1
SAVE, 5, 1
SAVE, 5, 1
SAVE, 5, 1
SAVE, 5, 1
SAVE, 5, 7
SAVE, 5, 2
SAVE, 5, 1
SAVE, 5, 2
SAVE, 5, 2
SAVE, 5, 1
SAVE, 5, 1
SAVE, 5, 1
SAVE, 5, 1
SAVE, 5, 1
SAVE, 5, 1
SAVE, 5, 1
SAVE, 5, 1
SAVE, 5, 1
SAVE, 5, 1
SAVE, 5, 1
SAVE, 5, 1
SAVE, 5, 2
SAVE, 5, 1
SAVE, 5, 1
SAVE, 5, 1
SAVE, 5, 0
SAVE, 5, 1
SAVE, 5, 1
SAVE, 5, 1
SAVE, 5, 1
SAVE, 5, 1
SAVE, 5, 1
SAVE, 5, 1
SAVE, 5, 1
SAVE, 5, 1
SAVE, 5, 1
SAVE, 5, 1
SAVE, 5, 1
SAVE, 5, 1
SAVE, 5, 1
SAVE, 5, 1
SAVE, 5, 0
SAVE, 5, 1
SAVE, 5, 2
SAVE, 5, 1
SAVE, 5, 1
SAVE, 5, 1
SAVE, 5, 1
SAVE, 5, 1
SAVE, 5, 0
SAVE, 5, 1
SAVE, 5, 1
SAVE, 5, 1
SAVE, 5, 1
SAVE, 5, 1
SAVE, 5, 1
SAVE, 5, 1
SAVE, 5, 1
SAVE, 5, 2
SAVE, 5, 1
SAVE, 100, 10
SAVE, 5, 1
SAVE, 5, 6
SAVE, 5, 3
SAVE, 5, 2
SAVE, 5, 2
SAVE, 5, 1
SAVE, 5, 1
SAVE, 5, 1
SAVE, 5, 1
SAVE, 5, 2
SAVE, 5, 3
SAVE, 5, 1
SAVE, 5, 1
SAVE, 5, 1
SAVE, 5, 0
SAVE, 5, 1
SAVE, 5, 1
SAVE, 5, 1
SAVE, 5, 0
SAVE, 5, 0
SAVE, 5, 0
SAVE, 5, 1
SAVE, 5, 2
SAVE, 5, 1
SAVE, 5, 0
SAVE, 5, 1
SAVE, 5, 1
SAVE, 5, 1
SAVE, 5, 2
SAVE, 5, 1
SAVE, 5, 1
SAVE, 5, 1
SAVE, 5, 0
SAVE, 5, 1
SAVE, 5, 1
SAVE, 5, 0
SAVE, 5, 1
SAVE, 5, 1
SAVE, 5, 1
SAVE, 5, 1
SAVE, 5, 1
SAVE, 5, 1
SAVE, 5, 1
SAVE, 5, 1
SAVE, 5, 2
SAVE, 5, 1
SAVE, 5, 2
SAVE, 5, 1
SAVE, 5, 2
SAVE, 5, 1
SAVE, 5, 0
SAVE, 5, 0
SAVE, 5, 0
SAVE, 5, 1
SAVE, 5, 1
SAVE, 5, 0
SAVE, 5, 1
SAVE, 5, 1
SAVE, 5, 1
SAVE, 5, 0
SAVE, 5, 0
SAVE, 5, 2
SAVE, 5, 1
SAVE, 5, 1
SAVE, 5, 1
SAVE, 5, 1
SAVE, 5, 0
SAVE, 5, 1
SAVE, 5, 1
SAVE, 5, 1
SAVE, 5, 4
SAVE, 5, 0
SAVE, 5, 1
SAVE, 5, 1
SAVE, 5, 1
SAVE, 5, 1
SAVE, 5, 1
SAVE, 5, 1
SAVE, 5, 1
SAVE, 5, 1
SAVE, 5, 1
SAVE, 5, 0
SAVE, 5, 1
SAVE, 5, 1
SAVE, 5, 1
SAVE, 5, 2
SAVE, 5, 1
SAVE, 5, 1
SAVE, 5, 1
SAVE, 5, 1
SAVE, 5, 1
SAVE, 5, 1
SAVE, 5, 0
SAVE, 5, 1
SAVE, 5, 1
SAVE, 5, 1
SAVE, 5, 1
SAVE, 5, 2
SAVE, 5, 1
SAVE, 5, 1
SAVE, 100, 8
SAVE, 5, 1
SAVE, 5, 2
SAVE, 5, 1
SAVE, 5, 1
SAVE, 5, 1
SAVE, 5, 1
SAVE, 5, 1
SAVE, 5, 1
SAVE, 5, 0
SAVE, 5, 1
SAVE, 5, 1
SAVE, 5, 1
SAVE, 5, 1
SAVE, 5, 1
SAVE, 5, 1
SAVE, 5, 1
SAVE, 5, 0
SAVE, 5, 1
SAVE, 5, 1
SAVE, 5, 1
SAVE, 5, 1
SAVE, 5, 1
SAVE, 5, 1
SAVE, 5, 1
SAVE, 5, 1
SAVE, 5, 0
SAVE, 5, 1
SAVE, 5, 1
SAVE, 5, 1
SAVE, 5, 1
SAVE, 5, 2
SAVE, 5, 1
SAVE, 5, 2
SAVE, 5, 7
SAVE, 5, 2
SAVE, 5, 1
SAVE, 5, 1
SAVE, 5, 0
SAVE, 5, 1
SAVE, 5, 1
SAVE, 5, 1
SAVE, 5, 1
SAVE, 5, 1
SAVE, 5, 1
SAVE, 5, 2
SAVE, 5, 1
SAVE, 5, 1
SAVE, 5, 1
SAVE, 5, 1
SAVE, 5, 1
SAVE, 5, 1
SAVE, 5, 1
SAVE, 5, 1
SAVE, 5, 1
SAVE, 5, 1
SAVE, 5, 1
SAVE, 5, 1
SAVE, 5, 1
SAVE, 5, 1
SAVE, 5, 1
SAVE, 5, 1
SAVE, 5, 1
SAVE, 5, 1
SAVE, 5, 1
SAVE, 5, 0
SAVE, 5, 1
SAVE, 5, 0
SAVE, 5, 0
SAVE, 5, 1
SAVE, 5, 2
SAVE, 5, 2
SAVE, 5, 2
SAVE, 5, 1
SAVE, 5, 1
SAVE, 5, 1
SAVE, 5, 1
SAVE, 5, 0
SAVE, 5, 1
SAVE, 5, 0
SAVE, 5, 1
SAVE, 5, 1
SAVE, 5, 1
SAVE, 5, 1
SAVE, 5, 1
SAVE, 5, 1
SAVE, 5, 1
SAVE, 5, 1
SAVE, 5, 2
SAVE, 5, 1
SAVE, 5, 1
SAVE, 5, 1
SAVE, 5, 1
SAVE, 5, 1
SAVE, 5, 1
SAVE, 5, 1
SAVE, 5, 1
SAVE, 5, 1
SAVE, 5, 1
SAVE, 5, 1
SAVE, 5, 1
SAVE, 100, 6
SAVE, 5, 1
SAVE, 5, 1
SAVE, 5, 5
SAVE, 5, 1
SAVE, 5, 1
SAVE, 5, 0
SAVE, 5, 1
SAVE, 5, 1
SAVE, 5, 1
SAVE, 5, 0
SAVE, 5, 1
SAVE, 5, 1
SAVE, 5, 1
SAVE, 5, 1
SAVE, 5, 1
SAVE, 5, 1
SAVE, 5, 1
SAVE, 5, 1
SAVE, 5, 1
SAVE, 5, 1
SAVE, 5, 1
SAVE, 5, 1
SAVE, 5, 0
SAVE, 5, 1
SAVE, 5, 1
SAVE, 5, 0
SAVE, 5, 1
SAVE, 5, 1
SAVE, 5, 1
SAVE, 5, 1
SAVE, 5, 0
SAVE, 5, 1
SAVE, 5, 0
SAVE, 5, 0
SAVE, 5, 1
SAVE, 5, 1
SAVE, 5, 1
SAVE, 5, 1
SAVE, 5, 1
SAVE, 5, 1
SAVE, 5, 1
SAVE, 5, 1
SAVE, 5, 1
SAVE, 5, 1
SAVE, 5, 1
SAVE, 5, 2
SAVE, 5, 1
SAVE, 5, 1
SAVE, 5, 0
SAVE, 5, 0
SAVE, 5, 1
SAVE, 5, 1
SAVE, 5, 1
SAVE, 5, 1
SAVE, 5, 1
SAVE, 5, 1
SAVE, 5, 1
SAVE, 5, 1
SAVE, 5, 3
SAVE, 5, 2
SAVE, 5, 1
SAVE, 5, 1
SAVE, 5, 1
SAVE, 5, 1
SAVE, 5, 1
SAVE, 5, 1
SAVE, 5, 1
SAVE, 5, 0
SAVE, 5, 1
SAVE, 5, 1
SAVE, 5, 1
SAVE, 5, 0
SAVE, 5, 0
SAVE, 5, 0
SAVE, 5, 1
SAVE, 5, 1
SAVE, 5, 1
SAVE, 5, 1
SAVE, 5, 1
SAVE, 5, 1
SAVE, 5, 1
SAVE, 5, 12
SAVE, 5, 4
SAVE, 5, 1
SAVE, 5, 1
SAVE, 5, 1
SAVE, 5, 1
SAVE, 5, 1
SAVE, 5, 1
SAVE, 5, 1
SAVE, 5, 1
SAVE, 5, 0
SAVE, 5, 0
SAVE, 5, 1
SAVE, 5, 1
SAVE, 5, 1
SAVE, 5, 0
SAVE, 5, 1
SAVE, 5, 1
SAVE, 5, 0
SAVE, 100, 6
SAVE, 5, 0
SAVE, 5, 0
SAVE, 5, 1
SAVE, 5, 1
SAVE, 5, 1
SAVE, 5, 1
SAVE, 5, 1
SAVE, 5, 1
SAVE, 5, 1
SAVE, 5, 1
SAVE, 5, 0
SAVE, 5, 1
SAVE, 5, 1
SAVE, 5, 1
SAVE, 5, 1
SAVE, 5, 1
SAVE, 5, 1
SAVE, 5, 1
SAVE, 5, 2
SAVE, 5, 1
SAVE, 5, 1
SAVE, 5, 1
SAVE, 5, 1
SAVE, 5, 1
SAVE, 5, 1
SAVE, 5, 1
SAVE, 5, 1
SAVE, 5, 1
SAVE, 5, 0
SAVE, 5, 1
SAVE, 5, 1
SAVE, 5, 0
SAVE, 5, 1
SAVE, 5, 1
SAVE, 5, 1
SAVE, 5, 1
SAVE, 5, 1
SAVE, 5, 1
SAVE, 5, 1
SAVE, 5, 1
SAVE, 5, 1
SAVE, 5, 1
SAVE, 5, 1
SAVE, 5, 2
SAVE, 5, 1
SAVE, 5, 0
SAVE, 5, 1
SAVE, 5, 1
SAVE, 5, 2
SAVE, 5, 1
SAVE, 5, 0
SAVE, 5, 1
SAVE, 5, 1
SAVE, 5, 1
SAVE, 5, 6
SAVE, 5, 1
SAVE, 5, 0
SAVE, 5, 1
SAVE, 5, 1
SAVE, 5, 1
SAVE, 5, 1
SAVE, 5, 0
SAVE, 5, 0
SAVE, 5, 0
SAVE, 5, 1
SAVE, 5, 1
SAVE, 5, 1
SAVE, 5, 1
SAVE, 5, 1
SAVE, 5, 1
SAVE, 5, 1
SAVE, 5, 0
SAVE, 5, 1
SAVE, 5, 1
SAVE, 5, 1
SAVE, 5, 0
SAVE, 5, 0
SAVE, 5, 0
SAVE, 5, 0
SAVE, 5, 1
SAVE, 5, 1
SAVE, 5, 1
SAVE, 5, 1
SAVE, 5, 1
SAVE, 5, 1
SAVE, 5, 1
SAVE, 5, 1
SAVE, 5, 1
SAVE, 5, 1
SAVE, 5, 1
SAVE, 5, 1
SAVE, 5, 1
SAVE, 5, 2
SAVE, 5, 1
SAVE, 5, 0
SAVE, 5, 1
SAVE, 5, 1
SAVE, 5, 1
SAVE, 5, 1
SAVE, 5, 1
SAVE, 100, 8
SAVE, 5, 1
SAVE, 5, 1
SAVE, 5, 1
SAVE, 5, 1
SAVE, 5, 0
SAVE, 5, 0
SAVE, 5, 1
SAVE, 5, 1
SAVE, 5, 1
SAVE, 5, 1
SAVE, 5, 1
SAVE, 5, 0
SAVE, 5, 1
SAVE, 5, 1
SAVE, 5, 1
SAVE, 5, 0
SAVE, 5, 0
SAVE, 5, 0
SAVE, 5, 1
SAVE, 5, 1
SAVE, 5, 1
SAVE, 5, 0
SAVE, 5, 1
SAVE, 5, 2
SAVE, 5, 1
SAVE, 5, 1
SAVE, 5, 1
SAVE, 5, 1
SAVE, 5, 2
SAVE, 5, 1
SAVE, 5, 7
SAVE, 5, 1
SAVE, 5, 2
SAVE, 5, 1
SAVE, 5, 1
SAVE, 5, 0
SAVE, 5, 0
SAVE, 5, 0
SAVE, 5, 0
SAVE, 5, 1
SAVE, 5, 1
SAVE, 5, 1
SAVE, 5, 1
SAVE, 5, 1
SAVE, 5, 1
SAVE, 5, 1
SAVE, 5, 0
SAVE, 5, 1
SAVE, 5, 1
SAVE, 5, 1
SAVE, 5, 1
SAVE, 5, 0
SAVE, 5, 1
SAVE, 5, 1
SAVE, 5, 1
SAVE, 5, 1
SAVE, 5, 1
SAVE, 5, 0
SAVE, 5, 2
SAVE, 5, 1
SAVE, 5, 1
SAVE, 5, 1
SAVE, 5, 1
SAVE, 5, 1
SAVE, 5, 1
SAVE, 5, 1
SAVE, 5, 0
SAVE, 5, 0
SAVE, 5, 1
SAVE, 5, 1
SAVE, 5, 0
SAVE, 5, 0
SAVE, 5, 0
SAVE, 5, 1
SAVE, 5, 1
SAVE, 5, 0
SAVE, 5, 0
SAVE, 5, 1
SAVE, 5, 1
SAVE, 5, 0
SAVE, 5, 0
SAVE, 5, 1
SAVE, 5, 1
SAVE, 5, 0
SAVE, 5, 0
SAVE, 5, 1
SAVE, 5, 0
SAVE, 5, 0
SAVE, 5, 1
SAVE, 5, 1
SAVE, 5, 0
SAVE, 5, 0
SAVE, 5, 1
SAVE, 5, 0
SAVE, 5, 1
SAVE, 5, 1
SAVE, 5, 0
SAVE, 5, 0
SAVE, 5, 0
SAVE, 5, 0
SAVE, 100, 26
SAVE, 5, 54
SAVE, 5, 4
SAVE, 5, 4
SAVE, 5, 4
SAVE, 5, 5
SAVE, 5, 9
SAVE, 5, 3
SAVE, 5, 4
SAVE, 5, 3
SAVE, 5, 3
SAVE, 5, 3
SAVE, 5, 3
SAVE, 5, 2
SAVE, 5, 3
SAVE, 5, 2
SAVE, 5, 4
SAVE, 5, 3
SAVE, 5, 2
SAVE, 5, 3
SAVE, 5, 3
SAVE, 5, 3
SAVE, 5, 3
SAVE, 5, 7
SAVE, 5, 4
SAVE, 5, 6
SAVE, 5, 8
SAVE, 5, 5
SAVE, 5, 2
SAVE, 5, 1
SAVE, 5, 2
SAVE, 5, 2
SAVE, 5, 3
SAVE, 5, 2
SAVE, 5, 2
SAVE, 5, 2
SAVE, 5, 2
SAVE, 5, 2
SAVE, 5, 2
SAVE, 5, 4
SAVE, 5, 1
SAVE, 5, 2
SAVE, 5, 2
SAVE, 5, 2
SAVE, 5, 2
SAVE, 5, 2
SAVE, 5, 2
SAVE, 5, 2
SAVE, 5, 2
SAVE, 5, 2
SAVE, 5, 2
SAVE, 5, 2
SAVE, 5, 2
SAVE, 5, 2
SAVE, 5, 1
SAVE, 5, 1
SAVE, 5, 2
SAVE, 5, 2
SAVE, 5, 2
SAVE, 5, 2
SAVE, 5, 2
SAVE, 5, 2
SAVE, 5, 2
SAVE, 5, 2
SAVE, 5, 2
SAVE, 5, 2
SAVE, 5, 2
SAVE, 5, 2
SAVE, 5, 2
SAVE, 5, 2
SAVE, 5, 1
SAVE, 5, 1
SAVE, 5, 1
SAVE, 5, 1
SAVE, 5, 1
SAVE, 5, 2
SAVE, 5, 1
SAVE, 5, 3
SAVE, 5, 3
SAVE, 5, 1
SAVE, 5, 1
SAVE, 5, 1
SAVE, 5, 4
SAVE, 5, 2
SAVE, 5, 1
SAVE, 5, 1
SAVE, 5, 1
SAVE, 5, 2
SAVE, 5, 2
SAVE, 5, 2
SAVE, 5, 2
SAVE, 5, 2
SAVE, 5, 3
SAVE, 5, 2
SAVE, 5, 2
SAVE, 5, 2
SAVE, 5, 1
SAVE, 5, 2
SAVE, 5, 1
SAVE, 5, 2
SAVE, 5, 2
SAVE, 100, 19
SAVE, 5, 3
SAVE, 5, 2
SAVE, 5, 2
SAVE, 5, 2
SAVE, 5, 2
SAVE, 5, 2
SAVE, 5, 2
SAVE, 5, 3
SAVE, 5, 3
SAVE, 5, 2
SAVE, 5, 2
SAVE, 5, 3
SAVE, 5, 2
SAVE, 5, 2
SAVE, 5, 1
SAVE, 5, 2
SAVE, 5, 2
SAVE, 5, 2
SAVE, 5, 2
SAVE, 5, 2
SAVE, 5, 2
SAVE, 5, 2
SAVE, 5, 2
SAVE, 5, 3
SAVE, 5, 4
SAVE, 5, 1
SAVE, 5, 2
SAVE, 5, 1
SAVE, 5, 2
SAVE, 5, 2
SAVE, 5, 3
SAVE, 5, 2
SAVE, 5, 2
SAVE, 5, 1
SAVE, 5, 2
SAVE, 5, 2
SAVE, 5, 2
SAVE, 5, 2
SAVE, 5, 1
SAVE, 5, 1
SAVE, 5, 1
SAVE, 5, 2
SAVE, 5, 2
SAVE, 5, 1
SAVE, 5, 1
SAVE, 5, 2
SAVE, 5, 1
SAVE, 5, 2
SAVE, 5, 2
SAVE, 5, 2
SAVE, 5, 2
SAVE, 5, 2
SAVE, 5, 2
SAVE, 5, 2
SAVE, 5, 2
SAVE, 5, 2
SAVE, 5, 6
SAVE, 5, 2
SAVE, 5, 2
SAVE, 5, 1
SAVE, 5, 1
SAVE, 5, 2
SAVE, 5, 2
SAVE, 5, 2
SAVE, 5, 1
SAVE, 5, 1
SAVE, 5, 2
SAVE, 5, 2
SAVE, 5, 1
SAVE, 5, 1
SAVE, 5, 1
SAVE, 5, 1
SAVE, 5, 1
SAVE, 5, 1
SAVE, 5, 2
SAVE, 5, 1
SAVE, 5, 1
SAVE, 5, 2
SAVE, 5, 1
SAVE, 5, 1
SAVE, 5, 1
SAVE, 5, 2
SAVE, 5, 1
SAVE, 5, 3
SAVE, 5, 1
SAVE, 5, 2
SAVE, 5, 3
SAVE, 5, 1
SAVE, 5, 1
SAVE, 5, 1
SAVE, 5, 2
SAVE, 5, 1
SAVE, 5, 2
SAVE, 5, 1
SAVE, 5, 1
SAVE, 5, 1
SAVE, 5, 1
SAVE, 5, 1
SAVE, 5, 1
SAVE, 5, 1
SAVE, 100, 6
SAVE, 5, 1
SAVE, 5, 1
SAVE, 5, 11
SAVE, 5, 1
SAVE, 5, 3
SAVE, 5, 2
SAVE, 5, 3
SAVE, 5, 1
SAVE, 5, 2
SAVE, 5, 2
SAVE, 5, 2
SAVE, 5, 2
SAVE, 5, 3
SAVE, 5, 3
SAVE, 5, 1
SAVE, 5, 2
SAVE, 5, 1
SAVE, 5, 2
SAVE, 5, 2
SAVE, 5, 2
SAVE, 5, 1
SAVE, 5, 1
SAVE, 5, 0
SAVE, 5, 1
SAVE, 5, 1
SAVE, 5, 1
SAVE, 5, 1
SAVE, 5, 2
SAVE, 5, 2
SAVE, 5, 1
SAVE, 5, 2
SAVE, 5, 2
SAVE, 5, 1
SAVE, 5, 1
SAVE, 5, 2
SAVE, 5, 2
SAVE, 5, 2
SAVE, 5, 1
SAVE, 5, 2
SAVE, 5, 1
SAVE, 5, 1
SAVE, 5, 1
SAVE, 5, 2
SAVE, 5, 2
SAVE, 5, 3
SAVE, 5, 3
SAVE, 5, 6
SAVE, 5, 4
SAVE, 5, 3
SAVE, 5, 10
SAVE, 5, 2
SAVE, 5, 1
SAVE, 5, 1
SAVE, 5, 11
SAVE, 5, 1
SAVE, 5, 3
SAVE, 5, 2
SAVE, 5, 2
SAVE, 5, 2
SAVE, 5, 1
SAVE, 5, 1
SAVE, 5, 1
SAVE, 5, 1
SAVE, 5, 2
SAVE, 5, 2
SAVE, 5, 2
SAVE, 5, 2
SAVE, 5, 1
SAVE, 5, 1
SAVE, 5, 2
SAVE, 5, 1
SAVE, 5, 2
SAVE, 5, 2
SAVE, 5, 1
SAVE, 5, 1
SAVE, 5, 1
SAVE, 5, 1
SAVE, 5, 2
SAVE, 5, 2
SAVE, 5, 1
SAVE, 5, 1
SAVE, 5, 2
SAVE, 5, 1
SAVE, 5, 1
SAVE, 5, 1
SAVE, 5, 1
SAVE, 5, 1
SAVE, 5, 1
SAVE, 5, 1
SAVE, 5, 2
SAVE, 5, 1
SAVE, 5, 1
SAVE, 5, 2
SAVE, 5, 2
SAVE, 5, 1
SAVE, 5, 1
SAVE, 5, 1
SAVE, 5, 1
SAVE, 5, 1
SAVE, 5, 2
SAVE, 100, 8
SAVE, 5, 1
SAVE, 5, 1
SAVE, 5, 1
SAVE, 5, 1
SAVE, 5, 6
SAVE, 5, 2
SAVE, 5, 1
SAVE, 5, 1
SAVE, 5, 1
SAVE, 5, 1
SAVE, 5, 1
SAVE, 5, 1
SAVE, 5, 2
SAVE, 5, 2
SAVE, 5, 1
SAVE, 5, 1
SAVE, 5, 1
SAVE, 5, 1
SAVE, 5, 2
SAVE, 5, 2
SAVE, 5, 2
SAVE, 5, 2
SAVE, 5, 2
SAVE, 5, 1
SAVE, 5, 1
SAVE, 5, 1
SAVE, 5, 1
SAVE, 5, 2
SAVE, 5, 1
SAVE, 5, 1
SAVE, 5, 2
SAVE, 5, 1
SAVE, 5, 1
SAVE, 5, 1
SAVE, 5, 1
SAVE, 5, 2
SAVE, 5, 1
SAVE, 5, 1
SAVE, 5, 2
SAVE, 5, 2
SAVE, 5, 1
SAVE, 5, 1
SAVE, 5, 1
SAVE, 5, 1
SAVE, 5, 1
SAVE, 5, 1
SAVE, 5, 1
SAVE, 5, 2
SAVE, 5, 2
SAVE, 5, 3
SAVE, 5, 2
SAVE, 5, 2
SAVE, 5, 1
SAVE, 5, 1
SAVE, 5, 2
SAVE, 5, 1
SAVE, 5, 1
SAVE, 5, 1
SAVE, 5, 1
SAVE, 5, 1
SAVE, 5, 5
SAVE, 5, 1
SAVE, 5, 2
SAVE, 5, 2
SAVE, 5, 2
SAVE, 5, 2
SAVE, 5, 2
SAVE, 5, 2
SAVE, 5, 1
SAVE, 5, 1
SAVE, 5, 1
SAVE, 5, 1
SAVE, 5, 1
SAVE, 5, 2
SAVE, 5, 1
SAVE, 5, 1
SAVE, 5, 1
SAVE, 5, 2
SAVE, 5, 1
SAVE, 5, 1
SAVE, 5, 2
SAVE, 5, 2
SAVE, 5, 2
SAVE, 5, 2
SAVE, 5, 1
SAVE, 5, 1
SAVE, 5, 1
SAVE, 5, 1
SAVE, 5, 1
SAVE, 5, 1
SAVE, 5, 1
SAVE, 5, 1
SAVE, 5, 1
SAVE, 5, 1
SAVE, 5, 1
SAVE, 5, 1
SAVE, 5, 2
SAVE, 5, 1
SAVE, 5, 2
SAVE, 5, 2
SAVE, 100, 8
SAVE, 5, 1
SAVE, 5, 2
SAVE, 5, 1
SAVE, 5, 1
SAVE, 5, 1
SAVE, 5, 1
SAVE, 5, 1
SAVE, 5, 1
SAVE, 5, 1
SAVE, 5, 1
SAVE, 5, 1
SAVE, 5, 1
SAVE, 5, 1
SAVE, 5, 1
SAVE, 5, 1
SAVE, 5, 1
SAVE, 5, 1
SAVE, 5, 1
SAVE, 5, 2
SAVE, 5, 12
SAVE, 5, 1
SAVE, 5, 0
SAVE, 5, 0
SAVE, 5, 1
SAVE, 5, 1
SAVE, 5, 1
SAVE, 5, 1
SAVE, 5, 1
SAVE, 5, 2
SAVE, 5, 1
SAVE, 5, 1
SAVE, 5, 0
SAVE, 5, 0
SAVE, 5, 1
SAVE, 5, 1
SAVE, 5, 1
SAVE, 5, 1
SAVE, 5, 1
SAVE, 5, 1
SAVE, 5, 1
SAVE, 5, 1
SAVE, 5, 1
SAVE, 5, 1
SAVE, 5, 1
SAVE, 5, 1
SAVE, 5, 1
SAVE, 5, 1
SAVE, 5, 0
SAVE, 5, 1
SAVE, 5, 1
SAVE, 5, 1
SAVE, 5, 1
SAVE, 5, 0
SAVE, 5, 1
SAVE, 5, 1
SAVE, 5, 2
SAVE, 5, 1
SAVE, 5, 1
SAVE, 5, 1
SAVE, 5, 2
SAVE, 5, 2
SAVE, 5, 2
SAVE, 5, 1
SAVE, 5, 1
SAVE, 5, 1
SAVE, 5, 1
SAVE, 5, 0
SAVE, 5, 1
SAVE, 5, 2
SAVE, 5, 1
SAVE, 5, 1
SAVE, 5, 2
SAVE, 5, 1
SAVE, 5, 1
SAVE, 5, 1
SAVE, 5, 1
SAVE, 5, 1
SAVE, 5, 1
SAVE, 5, 1
SAVE, 5, 2
SAVE, 5, 1
SAVE, 5, 1
SAVE, 5, 2
SAVE, 5, 2
SAVE, 5, 1
SAVE, 5, 1
SAVE, 5, 1
SAVE, 5, 1
SAVE, 5, 1
SAVE, 5, 1
SAVE, 5, 1
SAVE, 5, 1
SAVE, 5, 4
SAVE, 5, 1
SAVE, 5, 0
SAVE, 5, 1
SAVE, 5, 1
SAVE, 5, 1
SAVE, 5, 1
SAVE, 5, 1
SAVE, 100, 5
SAVE, 5, 1
SAVE, 5, 1
SAVE, 5, 1
SAVE, 5, 1
SAVE, 5, 1
SAVE, 5, 1
SAVE, 5, 1
SAVE, 5, 1
SAVE, 5, 2
SAVE, 5, 1
SAVE, 5, 1
SAVE, 5, 1
SAVE, 5, 1
SAVE, 5, 1
SAVE, 5, 1
SAVE, 5, 1
SAVE, 5, 1
SAVE, 5, 1
SAVE, 5, 0
SAVE, 5, 0
SAVE, 5, 1
SAVE, 5, 1
SAVE, 5, 2
SAVE, 5, 1
SAVE, 5, 1
SAVE, 5, 0
SAVE, 5, 1
SAVE, 5, 1
SAVE, 5, 1
SAVE, 5, 1
SAVE, 5, 1
SAVE, 5, 1
SAVE, 5, 1
SAVE, 5, 0
SAVE, 5, 0
SAVE, 5, 1
SAVE, 5, 1
SAVE, 5, 1
SAVE, 5, 1
SAVE, 5, 1
SAVE, 5, 1
SAVE, 5, 1
SAVE, 5, 0
SAVE, 5, 1
SAVE, 5, 2
SAVE, 5, 1
SAVE, 5, 0
SAVE, 5, 1
SAVE, 5, 1
SAVE, 5, 1
SAVE, 5, 0
SAVE, 5, 1
SAVE, 5, 1
SAVE, 5, 1
SAVE, 5, 1
SAVE, 5, 1
SAVE, 5, 1
SAVE, 5, 1
SAVE, 5, 1
SAVE, 5, 0
SAVE, 5, 1
SAVE, 5, 1
SAVE, 5, 1
SAVE, 5, 0
SAVE, 5, 0
SAVE, 5, 0
SAVE, 5, 1
SAVE, 5, 4
SAVE, 5, 1
SAVE, 5, 1
SAVE, 5, 1
SAVE, 5, 1
SAVE, 5, 1
SAVE, 5, 0
SAVE, 5, 1
SAVE, 5, 1
SAVE, 5, 0
SAVE, 5, 1
SAVE, 5, 1
SAVE, 5, 1
SAVE, 5, 1
SAVE, 5, 1
SAVE, 5, 1
SAVE, 5, 1
SAVE, 5, 1
SAVE, 5, 2
SAVE, 5, 1
SAVE, 5, 1
SAVE, 5, 1
SAVE, 5, 3
SAVE, 5, 1
SAVE, 5, 1
SAVE, 5, 1
SAVE, 5, 2
SAVE, 5, 1
SAVE, 5, 2
SAVE, 5, 2
SAVE, 5, 1
SAVE, 5, 0
SAVE, 5, 1
SAVE, 100, 7
SAVE, 5, 1
SAVE, 5, 1
SAVE, 5, 1
SAVE, 5, 1
SAVE, 5, 1
SAVE, 5, 1
SAVE, 5, 1
SAVE, 5, 1
SAVE, 5, 1
SAVE, 5, 1
SAVE, 5, 1
SAVE, 5, 0
SAVE, 5, 1
SAVE, 5, 0
SAVE, 5, 1
SAVE, 5, 1
SAVE, 5, 1
SAVE, 5, 1
SAVE, 5, 1
SAVE, 5, 1
SAVE, 5, 0
SAVE, 5, 1
SAVE, 5, 1
SAVE, 5, 1
SAVE, 5, 1
SAVE, 5, 1
SAVE, 5, 1
SAVE, 5, 1
SAVE, 5, 1
SAVE, 5, 2
SAVE, 5, 2
SAVE, 5, 1
SAVE, 5, 1
SAVE, 5, 1
SAVE, 5, 1
SAVE, 5, 1
SAVE, 5, 2
SAVE, 5, 2
SAVE, 5, 2
SAVE, 5, 1
SAVE, 5, 5
SAVE, 5, 1
SAVE, 5, 1
SAVE, 5, 1
SAVE, 5, 1
SAVE, 5, 1
SAVE, 5, 1
SAVE, 5, 0
SAVE, 5, 0
SAVE, 5, 0
SAVE, 5, 1
SAVE, 5, 1
SAVE, 5, 0
SAVE, 5, 0
SAVE, 5, 1
SAVE, 5, 1
SAVE, 5, 1
SAVE, 5, 1
SAVE, 5, 0
SAVE, 5, 1
SAVE, 5, 6
SAVE, 5, 1
SAVE, 5, 0
SAVE, 5, 1
SAVE, 5, 1
SAVE, 5, 1
SAVE, 5, 1
SAVE, 5, 0
SAVE, 5, 1
SAVE, 5, 1
SAVE, 5, 0
SAVE, 5, 1
SAVE, 5, 1
SAVE, 5, 0
SAVE, 5, 1
SAVE, 5, 1
SAVE, 5, 1
SAVE, 5, 1
SAVE, 5, 1
SAVE, 5, 1
SAVE, 5, 0
SAVE, 5, 1
SAVE, 5, 1
SAVE, 5, 2
SAVE, 5, 3
SAVE, 5, 2
SAVE, 5, 1
SAVE, 5, 0
SAVE, 5, 1
SAVE, 5, 2
SAVE, 5, 1
SAVE, 5, 1
SAVE, 5, 1
SAVE, 5, 1
SAVE, 5, 1
SAVE, 5, 0
SAVE, 5, 1
SAVE, 5, 1
SAVE, 5, 1
SAVE, 5, 1
SAVE, 100, 7
SAVE, 5, 1
SAVE, 5, 1
SAVE, 5, 1
SAVE, 5, 1
SAVE, 5, 1
SAVE, 5, 1
SAVE, 5, 0
SAVE, 5, 1
SAVE, 5, 1
SAVE, 5, 1
SAVE, 5, 1
SAVE, 5, 1
SAVE, 5, 1
SAVE, 5, 1
SAVE, 5, 1
SAVE, 5, 1
SAVE, 5, 1
SAVE, 5, 0
SAVE, 5, 1
SAVE, 5, 1
SAVE, 5, 1
SAVE, 5, 1
SAVE, 5, 1
SAVE, 5, 1
SAVE, 5, 1
SAVE, 5, 1
SAVE, 5, 1
SAVE, 5, 2
SAVE, 5, 1
SAVE, 5, 1
SAVE, 5, 0
SAVE, 5, 1
SAVE, 5, 1
SAVE, 5, 1
SAVE, 5, 1
SAVE, 5, 0
SAVE, 5, 1
SAVE, 5, 1
SAVE, 5, 1
SAVE, 5, 1
SAVE, 5, 2
SAVE, 5, 18
SAVE, 5, 1
SAVE, 5, 1
SAVE, 5, 1
SAVE, 5, 1
SAVE, 5, 1
SAVE, 5, 1
SAVE, 5, 1
SAVE, 5, 1
SAVE, 5, 0
SAVE, 5, 0
SAVE, 5, 1
SAVE, 5, 1
SAVE, 5, 1
SAVE, 5, 1
SAVE, 5, 1
SAVE, 5, 0
SAVE, 5, 1
SAVE, 5, 1
SAVE, 5, 1
SAVE, 5, 1
SAVE, 5, 2
SAVE, 5, 1
SAVE, 5, 2
SAVE, 5, 1
SAVE, 5, 1
SAVE, 5, 1
SAVE, 5, 1
SAVE, 5, 0
SAVE, 5, 0
SAVE, 5, 1
SAVE, 5, 1
SAVE, 5, 1
SAVE, 5, 1
SAVE, 5, 1
SAVE, 5, 0
SAVE, 5, 0
SAVE, 5, 0
SAVE, 5, 0
SAVE, 5, 1
SAVE, 5, 1
SAVE, 5, 1
SAVE, 5, 0
SAVE, 5, 1
SAVE, 5, 1
SAVE, 5, 1
SAVE, 5, 1
SAVE, 5, 1
SAVE, 5, 5
SAVE, 5, 1
SAVE, 5, 1
SAVE, 5, 1
SAVE, 5, 0
SAVE, 5, 0
SAVE, 5, 0
SAVE, 5, 0
SAVE, 5, 1
SAVE, 5, 1
SAVE, 5, 1
SAVE, 100, 7
SAVE, 5, 1
SAVE, 5, 1
SAVE, 5, 1
SAVE, 5, 0
SAVE, 5, 1
SAVE, 5, 0
SAVE, 5, 1
SAVE, 5, 1
SAVE, 5, 1
SAVE, 5, 1
SAVE, 5, 1
SAVE, 5, 1
SAVE, 5, 1
SAVE, 5, 0
SAVE, 5, 0
SAVE, 5, 1
SAVE, 5, 1
SAVE, 5, 1
SAVE, 5, 1
SAVE, 5, 1
SAVE, 5, 1
SAVE, 5, 0
SAVE, 5, 1
SAVE, 5, 0
SAVE, 5, 0
SAVE, 5, 32
SAVE, 5, 1
SAVE, 5, 0
SAVE, 5, 0
SAVE, 5, 0
SAVE, 5, 1
SAVE, 5, 1
SAVE, 5, 1
SAVE, 5, 1
SAVE, 5, 0
SAVE, 5, 0
SAVE, 5, 0
SAVE, 5, 1
SAVE, 5, 1
SAVE, 5, 1
SAVE, 5, 1
SAVE, 5, 1
SAVE, 5, 1
SAVE, 5, 1
SAVE, 5, 1
SAVE, 5, 1
SAVE, 5, 1
SAVE, 5, 1
SAVE, 5, 2
SAVE, 5, 1
SAVE, 5, 1
SAVE, 5, 1
SAVE, 5, 1
SAVE, 5, 1
SAVE, 5, 1
SAVE, 5, 1
SAVE, 5, 1
SAVE, 5, 1
SAVE, 5, 1
SAVE, 5, 0
SAVE, 5, 0
SAVE, 5, 0
SAVE, 5, 0
SAVE, 5, 0
SAVE, 5, 1
SAVE, 5, 1
SAVE, 5, 1
SAVE, 5, 1
SAVE, 5, 1
SAVE, 5, 1
SAVE, 5, 1
SAVE, 5, 1
SAVE, 5, 1
SAVE, 5, 1
SAVE, 5, 1
SAVE, 5, 1
SAVE, 5, 1
SAVE, 5, 1
SAVE, 5, 1
SAVE, 5, 1
SAVE, 5, 1
SAVE, 5, 1
SAVE, 5, 1
SAVE, 5, 0
SAVE, 5, 0
SAVE, 5, 0
SAVE, 5, 1
SAVE, 5, 1
SAVE, 5, 1
SAVE, 5, 1
SAVE, 5, 1
SAVE, 5, 1
SAVE, 5, 1
SAVE, 5, 2
SAVE, 5, 1
SAVE, 5, 1
SAVE, 5, 1
SAVE, 5, 1
SAVE, 5, 1
SAVE, 5, 1
SAVE, 100, 6
SAVE, 5, 1
SAVE, 5, 1
SAVE, 5, 1
SAVE, 5, 1
SAVE, 5, 1
SAVE, 5, 0
SAVE, 5, 5
SAVE, 5, 1
SAVE, 5, 1
SAVE, 5, 1
SAVE, 5, 0
SAVE, 5, 0
SAVE, 5, 1
SAVE, 5, 1
SAVE, 5, 1
SAVE, 5, 1
SAVE, 5, 1
SAVE, 5, 1
SAVE, 5, 1
SAVE, 5, 1
SAVE, 5, 1
SAVE, 5, 0
SAVE, 5, 0
SAVE, 5, 1
SAVE, 5, 1
SAVE, 5, 0
SAVE, 5, 0
SAVE, 5, 0
SAVE, 5, 0
SAVE, 5, 0
SAVE, 5, 1
SAVE, 5, 0
SAVE, 5, 1
SAVE, 5, 1
SAVE, 5, 1
SAVE, 5, 1
SAVE, 5, 1
SAVE, 5, 1
SAVE, 5, 1
SAVE, 5, 1
SAVE, 5, 1
SAVE, 5, 1
SAVE, 5, 1
SAVE, 5, 0
SAVE, 5, 0
SAVE, 5, 1
SAVE, 5, 1
SAVE, 5, 1
SAVE, 5, 1
SAVE, 5, 0
SAVE, 5, 0
SAVE, 5, 0
SAVE, 5, 0
SAVE, 5, 1
SAVE, 5, 1
SAVE, 5, 1
SAVE, 5, 1
SAVE, 5, 1
SAVE, 5, 1
SAVE, 5, 1
SAVE, 5, 1
SAVE, 5, 1
SAVE, 5, 1
SAVE, 5, 0
SAVE, 5, 0
SAVE, 5, 0
SAVE, 5, 1
SAVE, 5, 0
SAVE, 5, 0
SAVE, 5, 0
SAVE, 5, 0
SAVE, 5, 0
SAVE, 5, 1
SAVE, 5, 1
SAVE, 5, 1
SAVE, 5, 0
SAVE, 5, 0
SAVE, 5, 0
SAVE, 5, 0
SAVE, 5, 1
SAVE, 5, 1
SAVE, 5, 1
SAVE, 5, 1
SAVE, 5, 0
SAVE, 5, 0
SAVE, 5, 1
SAVE, 5, 1
SAVE, 5, 1
SAVE, 5, 0
SAVE, 5, 0
SAVE, 5, 0
SAVE, 5, 1
SAVE, 5, 1
SAVE, 5, 1
SAVE, 5, 1
SAVE, 5, 1
SAVE, 5, 1
SAVE, 5, 1
SAVE, 5, 1
SAVE, 5, 1
SAVE, 100, 5
SAVE, 5, 1
SAVE, 1, 0
SAVE, 5, 5
SAVE, 1, 1
SAVE, 5, 0
SAVE, 1, 0
UPDATE, 1, 63
UPDATE, 1, 1
UPDATE, 1, 1
UPDATE, 1, 2
UPDATE, 1, 1
UPDATE, 1, 1
UPDATE, 1, 1
UPDATE, 1, 1
UPDATE, 1, 1
UPDATE, 1, 0
UPDATE, 1, 3
UPDATE, 1, 1
UPDATE, 1, 1
UPDATE, 1, 0
UPDATE, 1, 0
UPDATE, 1, 1
UPDATE, 1, 1
UPDATE, 1, 1
UPDATE, 1, 1
UPDATE, 1, 1
UPDATE, 1, 1
UPDATE, 1, 0
UPDATE, 1, 0
UPDATE, 1, 0
UPDATE, 1, 0
UPDATE, 1, 1
UPDATE, 1, 1
UPDATE, 1, 0
UPDATE, 1, 1
UPDATE, 1, 1
UPDATE, 1, 1
UPDATE, 1, 1
UPDATE, 1, 1
UPDATE, 1, 1
UPDATE, 1, 1
UPDATE, 1, 1
UPDATE, 1, 0
UPDATE, 1, 0
UPDATE, 1, 0
UPDATE, 1, 0
UPDATE, 1, 1
UPDATE, 1, 0
UPDATE, 1, 0
UPDATE, 1, 1
UPDATE, 1, 1
UPDATE, 1, 1
UPDATE, 1, 0
UPDATE, 1, 1
UPDATE, 1, 0
UPDATE, 1, 0
UPDATE, 1, 0
UPDATE, 1, 0
UPDATE, 1, 1
UPDATE, 1, 0
UPDATE, 1, 0
UPDATE, 1, 0
UPDATE, 1, 1
UPDATE, 1, 0
UPDATE, 1, 0
UPDATE, 1, 1
UPDATE, 1, 0
UPDATE, 1, 0
UPDATE, 1, 1
UPDATE, 1, 1
UPDATE, 1, 0
UPDATE, 1, 0
UPDATE, 1, 1
UPDATE, 1, 1
UPDATE, 1, 1
UPDATE, 1, 1
UPDATE, 1, 0
UPDATE, 1, 0
UPDATE, 1, 1
UPDATE, 1, 1
UPDATE, 1, 1
UPDATE, 1, 1
UPDATE, 1, 1
UPDATE, 1, 1
UPDATE, 1, 1
UPDATE, 1, 0
UPDATE, 1, 0
UPDATE, 1, 1
UPDATE, 1, 1
UPDATE, 1, 1
UPDATE, 1, 0
UPDATE, 1, 0
UPDATE, 1, 0
UPDATE, 1, 0
UPDATE, 1, 1
UPDATE, 1, 1
UPDATE, 1, 0
UPDATE, 1, 1
UPDATE, 1, 1
UPDATE, 1, 0
UPDATE, 1, 0
UPDATE, 1, 1
UPDATE, 1, 0
UPDATE, 1, 0
UPDATE, 1, 0
UPDATE, 1, 1
SAVE, 5, 72
SAVE, 5, 21
SAVE, 5, 12
SAVE, 5, 12
SAVE, 5, 13
SAVE, 5, 11
SAVE, 5, 16
SAVE, 5, 12
SAVE, 5, 7
SAVE, 5, 7
SAVE, 5, 7
SAVE, 5, 7
SAVE, 5, 6
SAVE, 5, 7
SAVE, 5, 7
SAVE, 5, 8
SAVE, 5, 7
SAVE, 5, 6
SAVE, 5, 7
SAVE, 5, 8
SAVE, 5, 6
SAVE, 5, 7
SAVE, 5, 7
SAVE, 5, 6
SAVE, 5, 6
SAVE, 5, 7
SAVE, 5, 6
SAVE, 5, 5
SAVE, 5, 5
SAVE, 5, 5
SAVE, 5, 4
SAVE, 5, 4
SAVE, 5, 3
SAVE, 5, 8
SAVE, 5, 4
SAVE, 5, 6
SAVE, 5, 5
SAVE, 5, 5
SAVE, 5, 5
SAVE, 5, 4
SAVE, 5, 5
SAVE, 5, 5
SAVE, 5, 5
SAVE, 5, 4
SAVE, 5, 4
SAVE, 5, 5
SAVE, 5, 3
SAVE, 5, 3
SAVE, 5, 6
SAVE, 5, 6
SAVE, 5, 17
SAVE, 5, 7
SAVE, 5, 4
SAVE, 5, 5
SAVE, 5, 4
SAVE, 5, 7
SAVE, 5, 4
SAVE, 5, 5
SAVE, 5, 5
SAVE, 5, 5
SAVE, 5, 4
SAVE, 5, 4
SAVE, 5, 6
SAVE, 5, 4
SAVE, 5, 4
SAVE, 5, 5
SAVE, 5, 5
SAVE, 5, 7
SAVE, 5, 5
SAVE, 5, 4
SAVE, 5, 4
SAVE, 5, 4
SAVE, 5, 3
SAVE, 5, 3
SAVE, 5, 5
SAVE, 5, 6
SAVE, 5, 7
SAVE, 5, 3
SAVE, 5, 4
SAVE, 5, 5
SAVE, 5, 5
SAVE, 5, 5
SAVE, 5, 5
SAVE, 5, 5
SAVE, 5, 5
SAVE, 5, 23
SAVE, 5, 5
SAVE, 5, 5
SAVE, 5, 4
SAVE, 5, 4
SAVE, 5, 4
SAVE, 5, 5
SAVE, 5, 4
SAVE, 5, 4
SAVE, 5, 4
SAVE, 5, 4
SAVE, 5, 7
SAVE, 5, 4
SAVE, 5, 4
SAVE, 5, 4
SAVE, 100, 38
SAVE, 5, 4
SAVE, 5, 4
SAVE, 5, 4
SAVE, 5, 4
SAVE, 5, 4
SAVE, 5, 4
SAVE, 5, 4
SAVE, 5, 4
SAVE, 5, 4
SAVE, 5, 4
SAVE, 5, 3
SAVE, 5, 4
SAVE, 5, 3
SAVE, 5, 3
SAVE, 5, 4
SAVE, 5, 4
SAVE, 5, 2
SAVE, 5, 3
SAVE, 5, 9
SAVE, 5, 3
SAVE, 5, 4
SAVE, 5, 4
SAVE, 5, 4
SAVE, 5, 3
SAVE, 5, 4
SAVE, 5, 4
SAVE, 5, 4
SAVE, 5, 2
SAVE, 5, 4
SAVE, 5, 3
SAVE, 5, 2
SAVE, 5, 3
SAVE, 5, 2
SAVE, 5, 2
SAVE, 5, 3
SAVE, 5, 3
SAVE, 5, 2
SAVE, 5, 3
SAVE, 5, 3
SAVE, 5, 3
SAVE, 5, 3
SAVE, 5, 3
SAVE, 5, 3
SAVE, 5, 4
SAVE, 5, 3
SAVE, 5, 5
SAVE, 5, 3
SAVE, 5, 3
SAVE, 5, 3
SAVE, 5, 3
SAVE, 5, 3
SAVE, 5, 2
SAVE, 5, 3
SAVE, 5, 3
SAVE, 5, 3
SAVE, 5, 2
SAVE, 5, 2
SAVE, 5, 3
SAVE, 5, 3
SAVE, 5, 3
SAVE, 5, 3
SAVE, 5, 2
SAVE, 5, 3
SAVE, 5, 3
SAVE, 5, 7
SAVE, 5, 4
SAVE, 5, 2
SAVE, 5, 4
SAVE, 5, 5
SAVE, 5, 3
SAVE, 5, 3
SAVE, 5, 8
SAVE, 5, 3
SAVE, 5, 4
SAVE, 5, 3
SAVE, 5, 3
SAVE, 5, 3
SAVE, 5, 3
SAVE, 5, 3
SAVE, 5, 3
SAVE, 5, 4
SAVE, 5, 7
SAVE, 5, 4
SAVE, 5, 8
SAVE, 5, 3
SAVE, 5, 4
SAVE, 5, 3
SAVE, 5, 4
SAVE, 5, 4
SAVE, 5, 7
SAVE, 5, 5
SAVE, 5, 4
SAVE, 5, 4
SAVE, 5, 5
SAVE, 5, 3
SAVE, 5, 2
SAVE, 5, 3
SAVE, 5, 4
SAVE, 5, 3
SAVE, 5, 5
SAVE, 100, 8
SAVE, 5, 3
SAVE, 5, 4
SAVE, 5, 3
SAVE, 5, 3
SAVE, 5, 4
SAVE, 5, 3
SAVE, 5, 3
SAVE, 5, 4
SAVE, 5, 3
SAVE, 5, 3
SAVE, 5, 5
SAVE, 5, 11
SAVE, 5, 5
SAVE, 5, 4
SAVE, 5, 6
SAVE, 5, 4
SAVE, 5, 3
SAVE, 5, 4
SAVE, 5, 3
SAVE, 5, 3
SAVE, 5, 3
SAVE, 5, 3
SAVE, 5, 3
SAVE, 5, 3
SAVE, 5, 3
SAVE, 5, 3
SAVE, 5, 3
SAVE, 5, 3
SAVE, 5, 2
SAVE, 5, 2
SAVE, 5, 4
SAVE, 5, 4
SAVE, 5, 3
SAVE, 5, 4
SAVE, 5, 4
SAVE, 5, 3
SAVE, 5, 4
SAVE, 5, 4
SAVE, 5, 6
SAVE, 5, 4
SAVE, 5, 4
SAVE, 5, 8
SAVE, 5, 2
SAVE, 5, 3
SAVE, 5, 4
SAVE, 5, 4
SAVE, 5, 3
SAVE, 5, 3
SAVE, 5, 6
SAVE, 5, 26
SAVE, 5, 7
SAVE, 5, 3
SAVE, 5, 3
SAVE, 5, 4
SAVE, 5, 3
SAVE, 5, 3
SAVE, 5, 3
SAVE, 5, 3
SAVE, 5, 3
SAVE, 5, 3
SAVE, 5, 3
SAVE, 5, 3
SAVE, 5, 3
SAVE, 5, 4
SAVE, 5, 4
SAVE, 5, 7
SAVE, 5, 3
SAVE, 5, 3
SAVE, 5, 3
SAVE, 5, 4
SAVE, 5, 3
SAVE, 5, 3
SAVE, 5, 3
SAVE, 5, 3
SAVE, 5, 2
SAVE, 5, 8
SAVE, 5, 3
SAVE, 5, 4
SAVE, 5, 3
SAVE, 5, 3
SAVE, 5, 2
SAVE, 5, 2
SAVE, 5, 3
SAVE, 5, 3
SAVE, 5, 3
SAVE, 5, 3
SAVE, 5, 4
SAVE, 5, 3
SAVE, 5, 3
SAVE, 5, 2
SAVE, 5, 2
SAVE, 5, 2
SAVE, 5, 2
SAVE, 5, 3
SAVE, 5, 7
SAVE, 5, 3
SAVE, 5, 3
SAVE, 5, 3
SAVE, 5, 2
SAVE, 5, 3
SAVE, 100, 15
SAVE, 5, 2
SAVE, 5, 4
SAVE, 5, 3
SAVE, 5, 3
SAVE, 5, 3
SAVE, 5, 3
SAVE, 5, 3
SAVE, 5, 2
SAVE, 5, 2
SAVE, 5, 2
SAVE, 5, 3
SAVE, 5, 2
SAVE, 5, 2
SAVE, 5, 2
SAVE, 5, 2
SAVE, 5, 2
SAVE, 5, 2
SAVE, 5, 2
SAVE, 5, 3
SAVE, 5, 2
SAVE, 5, 2
SAVE, 5, 2
SAVE, 5, 7
SAVE, 5, 5
SAVE, 5, 6
SAVE, 5, 6
SAVE, 5, 4
SAVE, 5, 4
SAVE, 5, 3
SAVE, 5, 2
SAVE, 5, 1
SAVE, 5, 2
SAVE, 5, 2
SAVE, 5, 2
SAVE, 5, 1
SAVE, 5, 1
SAVE, 5, 3
SAVE, 5, 2
SAVE, 5, 2
SAVE, 5, 2
SAVE, 5, 1
SAVE, 5, 1
SAVE, 5, 2
SAVE, 5, 2
SAVE, 5, 1
SAVE, 5, 2
SAVE, 5, 2
SAVE, 5, 2
SAVE, 5, 2
SAVE, 5, 3
SAVE, 5, 3
SAVE, 5, 2
SAVE, 5, 2
SAVE, 5, 3
SAVE, 5, 3
SAVE, 5, 45
SAVE, 5, 2
SAVE, 5, 3
SAVE, 5, 2
SAVE, 5, 2
SAVE, 5, 1
SAVE, 5, 1
SAVE, 5, 1
SAVE, 5, 1
SAVE, 5, 2
SAVE, 5, 2
SAVE, 5, 2
SAVE, 5, 2
SAVE, 5, 2
SAVE, 5, 2
SAVE, 5, 2
SAVE, 5, 2
SAVE, 5, 1
SAVE, 5, 2
SAVE, 5, 3
SAVE, 5, 2
SAVE, 5, 2
SAVE, 5, 3
SAVE, 5, 2
SAVE, 5, 2
SAVE, 5, 2
SAVE, 5, 2
SAVE, 5, 2
SAVE, 5, 3
SAVE, 5, 2
SAVE, 5, 1
SAVE, 5, 2
SAVE, 5, 2
SAVE, 5, 2
SAVE, 5, 2
SAVE, 5, 2
SAVE, 5, 2
SAVE, 5, 2
SAVE, 5, 3
SAVE, 5, 1
SAVE, 5, 3
SAVE, 5, 1
SAVE, 5, 2
SAVE, 5, 2
SAVE, 5, 7
SAVE, 100, 5
SAVE, 5, 2
SAVE, 5, 2
SAVE, 5, 2
SAVE, 5, 1
SAVE, 5, 2
SAVE, 5, 2
SAVE, 5, 1
SAVE, 5, 2
SAVE, 5, 2
SAVE, 5, 2
SAVE, 5, 1
SAVE, 5, 2
SAVE, 5, 2
SAVE, 5, 2
SAVE, 5, 2
SAVE, 5, 2
SAVE, 5, 2
SAVE, 5, 2
SAVE, 5, 2
SAVE, 5, 2
SAVE, 5, 2
SAVE, 5, 2
SAVE, 5, 2
SAVE, 5, 2
SAVE, 5, 2
SAVE, 5, 2
SAVE, 5, 2
SAVE, 5, 2
SAVE, 5, 2
SAVE, 5, 1
SAVE, 5, 1
SAVE, 5, 2
SAVE, 5, 2
SAVE, 5, 2
SAVE, 5, 2
SAVE, 5, 2
SAVE, 5, 2
SAVE, 5, 3
SAVE, 5, 2
SAVE, 5, 2
SAVE, 5, 1
SAVE, 5, 2
SAVE, 5, 2
SAVE, 5, 8
SAVE, 5, 2
SAVE, 5, 2
SAVE, 5, 3
SAVE, 5, 2
SAVE, 5, 2
SAVE, 5, 2
SAVE, 5, 2
SAVE, 5, 2
SAVE, 5, 2
SAVE, 5, 2
SAVE, 5, 2
SAVE, 5, 2
SAVE, 5, 2
SAVE, 5, 2
SAVE, 5, 1
SAVE, 5, 1
SAVE, 5, 2
SAVE, 5, 2
SAVE, 5, 2
SAVE, 5, 2
SAVE, 5, 2
SAVE, 5, 2
SAVE, 5, 2
SAVE, 5, 2
SAVE, 5, 3
SAVE, 5, 3
SAVE, 5, 3
SAVE, 5, 3
SAVE, 5, 2
SAVE, 5, 3
SAVE, 5, 2
SAVE, 5, 2
SAVE, 5, 2
SAVE, 5, 2
SAVE, 5, 2
SAVE, 5, 3
SAVE, 5, 3
SAVE, 5, 3
SAVE, 5, 2
SAVE, 5, 2
SAVE, 5, 6
SAVE, 5, 2
SAVE, 5, 2
SAVE, 5, 2
SAVE, 5, 2
SAVE, 5, 2
SAVE, 5, 2
SAVE, 5, 2
SAVE, 5, 3
SAVE, 5, 1
SAVE, 5, 2
SAVE, 5, 2
SAVE, 5, 2
SAVE, 5, 2
SAVE, 5, 2
SAVE, 5, 2
SAVE, 100, 6
SAVE, 5, 2
SAVE, 5, 2
SAVE, 5, 2
SAVE, 5, 2
SAVE, 5, 3
SAVE, 5, 2
SAVE, 5, 3
SAVE, 5, 2
SAVE, 5, 3
SAVE, 5, 2
SAVE, 5, 3
SAVE, 5, 3
SAVE, 5, 2
SAVE, 5, 2
SAVE, 5, 2
SAVE, 5, 2
SAVE, 5, 2
SAVE, 5, 2
SAVE, 5, 3
SAVE, 5, 2
SAVE, 5, 1
SAVE, 5, 2
SAVE, 5, 2
SAVE, 5, 8
SAVE, 5, 2
SAVE, 5, 2
SAVE, 5, 2
SAVE, 5, 2
SAVE, 5, 2
SAVE, 5, 2
SAVE, 5, 3
SAVE, 5, 2
SAVE, 5, 2
SAVE, 5, 2
SAVE, 5, 13
SAVE, 5, 3
SAVE, 5, 3
SAVE, 5, 3
SAVE, 5, 2
SAVE, 5, 2
SAVE, 5, 2
SAVE, 5, 3
SAVE, 5, 5
SAVE, 5, 3
SAVE, 5, 3
SAVE, 5, 5
SAVE, 5, 4
SAVE, 5, 3
SAVE, 5, 2
SAVE, 5, 2
SAVE, 5, 3
SAVE, 5, 2
SAVE, 5, 2
SAVE, 5, 3
SAVE, 5, 3
SAVE, 5, 2
SAVE, 5, 3
SAVE, 5, 3
SAVE, 5, 3
SAVE, 5, 3
SAVE, 5, 2
SAVE, 5, 3
SAVE, 5, 16
SAVE, 5, 7
SAVE, 5, 3
SAVE, 5, 3
SAVE, 5, 2
SAVE, 5, 3
SAVE, 5, 3
SAVE, 5, 2
SAVE, 5, 2
SAVE, 5, 2
SAVE, 5, 2
SAVE, 5, 3
SAVE, 5, 2
SAVE, 5, 3
SAVE, 5, 3
SAVE, 5, 2
SAVE, 5, 2
SAVE, 5, 2
SAVE, 5, 2
SAVE, 5, 2
SAVE, 5, 2
SAVE, 5, 2
SAVE, 5, 2
SAVE, 5, 4
SAVE, 5, 2
SAVE, 5, 2
SAVE, 5, 2
SAVE, 5, 2
SAVE, 5, 2
SAVE, 5, 2
SAVE, 5, 3
SAVE, 5, 3
SAVE, 5, 2
SAVE, 5, 2
SAVE, 5, 3
SAVE, 5, 3
SAVE, 5, 8
SAVE, 5, 2
SAVE, 100, 5
SAVE, 5, 2
SAVE, 5, 3
SAVE, 5, 3
SAVE, 5, 3
SAVE, 5, 2
SAVE, 5, 2
SAVE, 5, 3
SAVE, 5, 3
SAVE, 5, 2
SAVE, 5, 3
SAVE, 5, 2
SAVE, 5, 2
SAVE, 5, 2
SAVE, 5, 2
SAVE, 5, 2
SAVE, 5, 3
SAVE, 5, 2
SAVE, 5, 2
SAVE, 5, 3
SAVE, 5, 3
SAVE, 5, 4
SAVE, 5, 2
SAVE, 5, 2
SAVE, 5, 3
SAVE, 5, 2
SAVE, 5, 2
SAVE, 5, 2
SAVE, 5, 2
SAVE, 5, 2
SAVE, 5, 1
SAVE, 5, 2
SAVE, 5, 2
SAVE, 5, 2
SAVE, 5, 3
SAVE, 5, 3
SAVE, 5, 3
SAVE, 5, 10
SAVE, 5, 3
SAVE, 5, 3
SAVE, 5, 3
SAVE, 5, 3
SAVE, 5, 2
SAVE, 5, 2
SAVE, 5, 2
SAVE, 5, 2
SAVE, 5, 3
SAVE, 5, 2
SAVE, 5, 3
SAVE, 5, 2
SAVE, 5, 2
SAVE, 5, 2
SAVE, 5, 2
SAVE, 5, 2
SAVE, 5, 3
SAVE, 5, 3
SAVE, 5, 4
SAVE, 5, 3
SAVE, 5, 2
SAVE, 5, 2
SAVE, 5, 3
SAVE, 5, 3
SAVE, 5, 3
SAVE, 5, 4
SAVE, 5, 2
SAVE, 5, 2
SAVE, 5, 1
SAVE, 5, 1
SAVE, 5, 1
SAVE, 5, 2
SAVE, 5, 2
SAVE, 5, 2
SAVE, 5, 1
SAVE, 5, 1
SAVE, 5, 2
SAVE, 5, 5
SAVE, 5, 2
SAVE, 5, 2
SAVE, 5, 2
SAVE, 5, 2
SAVE, 5, 2
SAVE, 5, 2
SAVE, 5, 1
SAVE, 5, 1
SAVE, 5, 1
SAVE, 5, 2
SAVE, 5, 1
SAVE, 5, 1
SAVE, 5, 1
SAVE, 5, 1
SAVE, 5, 1
SAVE, 5, 2
SAVE, 5, 2
SAVE, 5, 2
SAVE, 5, 2
SAVE, 5, 1
SAVE, 5, 1
SAVE, 5, 2
SAVE, 5, 2
SAVE, 5, 1
SAVE, 5, 2
SAVE, 100, 4
SAVE, 5, 1
SAVE, 5, 1
SAVE, 5, 1
SAVE, 5, 2
SAVE, 5, 2
SAVE, 5, 2
SAVE, 5, 1
SAVE, 5, 1
SAVE, 5, 2
SAVE, 5, 2
SAVE, 5, 2
SAVE, 5, 1
SAVE, 5, 1
SAVE, 5, 1
SAVE, 5, 2
SAVE, 5, 2
SAVE, 5, 2
SAVE, 5, 1
SAVE, 5, 1
SAVE, 5, 1
SAVE, 5, 2
SAVE, 5, 2
SAVE, 5, 2
SAVE, 5, 2
SAVE, 5, 1
SAVE, 5, 1
SAVE, 5, 7
SAVE, 5, 1
SAVE, 5, 1
SAVE, 5, 1
SAVE, 5, 2
SAVE, 5, 1
SAVE, 5, 1
SAVE, 5, 2
SAVE, 5, 2
SAVE, 5, 2
SAVE, 5, 1
SAVE, 5, 1
SAVE, 5, 2
SAVE, 5, 2
SAVE, 5, 1
SAVE, 5, 1
SAVE, 5, 2
SAVE, 5, 2
SAVE, 5, 2
SAVE, 5, 2
SAVE, 5, 2
SAVE, 5, 3
SAVE, 5, 1
SAVE, 5, 2
SAVE, 5, 2
SAVE, 5, 2
SAVE, 5, 2
SAVE, 5, 1
SAVE, 5, 2
SAVE, 5, 2
SAVE, 5, 2
SAVE, 5, 2
SAVE, 5, 2
SAVE, 5, 2
SAVE, 5, 2
SAVE, 5, 2
SAVE, 5, 1
SAVE, 5, 1
SAVE, 5, 2
SAVE, 5, 2
SAVE, 5, 1
SAVE, 5, 1
SAVE, 5, 2
SAVE, 5, 2
SAVE, 5, 2
SAVE, 5, 1
SAVE, 5, 1
SAVE, 5, 1
SAVE, 5, 2
SAVE, 5, 1
SAVE, 5, 1
SAVE, 5, 5
SAVE, 5, 1
SAVE, 5, 2
SAVE, 5, 2
SAVE, 5, 1
SAVE, 5, 2
SAVE, 5, 1
SAVE, 5, 1
SAVE, 5, 2
SAVE, 5, 2
SAVE, 5, 2
SAVE, 5, 1
SAVE, 5, 1
SAVE, 5, 1
SAVE, 5, 2
SAVE, 5, 2
SAVE, 5, 2
SAVE, 5, 1
SAVE, 5, 1
SAVE, 5, 1
SAVE, 5, 2
SAVE, 5, 1
SAVE, 5, 1
SAVE, 100, 5
SAVE, 5, 2
SAVE, 5, 2
SAVE, 5, 1
SAVE, 5, 1
SAVE, 5, 1
SAVE, 5, 2
SAVE, 5, 2
SAVE, 5, 2
SAVE, 5, 2
SAVE, 5, 2
SAVE, 5, 2
SAVE, 5, 1
SAVE, 5, 1
SAVE, 5, 1
SAVE, 5, 2
SAVE, 5, 2
SAVE, 5, 2
SAVE, 5, 2
SAVE, 5, 1
SAVE, 5, 2
SAVE, 5, 1
SAVE, 5, 1
SAVE, 5, 1
SAVE, 5, 1
SAVE, 5, 1
SAVE, 5, 1
SAVE, 5, 1
SAVE, 5, 1
SAVE, 5, 7
SAVE, 5, 2
SAVE, 5, 1
SAVE, 5, 1
SAVE, 5, 3
SAVE, 5, 2
SAVE, 5, 1
SAVE, 5, 1
SAVE, 5, 2
SAVE, 5, 2
SAVE, 5, 2
SAVE, 5, 2
SAVE, 5, 1
SAVE, 5, 1
SAVE, 5, 2
SAVE, 5, 2
SAVE, 5, 1
SAVE, 5, 1
SAVE, 5, 1
SAVE, 5, 2
SAVE, 5, 2
SAVE, 5, 2
SAVE, 5, 1
SAVE, 5, 1
SAVE, 5, 1
SAVE, 5, 2
SAVE, 5, 2
SAVE, 5, 2
SAVE, 5, 2
SAVE, 5, 2
SAVE, 5, 2
SAVE, 5, 1
SAVE, 5, 1
SAVE, 5, 1
SAVE, 5, 1
SAVE, 5, 1
SAVE, 5, 3
SAVE, 5, 4
SAVE, 5, 3
SAVE, 5, 3
SAVE, 5, 2
SAVE, 5, 3
SAVE, 5, 2
SAVE, 5, 2
SAVE, 5, 2
SAVE, 5, 2
SAVE, 5, 7
SAVE, 5, 2
SAVE, 5, 2
SAVE, 5, 2
SAVE, 5, 2
SAVE, 5, 2
SAVE, 5, 2
SAVE, 5, 3
SAVE, 5, 2
SAVE, 5, 2
SAVE, 5, 2
SAVE, 5, 2
SAVE, 5, 3
SAVE, 5, 2
SAVE, 5, 2
SAVE, 5, 2
SAVE, 5, 2
SAVE, 5, 2
SAVE, 5, 2
SAVE, 5, 2
SAVE, 5, 3
SAVE, 5, 1
SAVE, 5, 1
SAVE, 5, 1
SAVE, 5, 1
SAVE, 5, 1
SAVE, 100, 21
SAVE, 5, 2
SAVE, 5, 1
SAVE, 5, 1
SAVE, 5, 2
SAVE, 5, 2
SAVE, 5, 2
SAVE, 5, 2
SAVE, 5, 2
SAVE, 5, 1
SAVE, 5, 2
SAVE, 5, 6
SAVE, 5, 2
SAVE, 5, 2
SAVE, 5, 1
SAVE, 5, 1
SAVE, 5, 2
SAVE, 5, 2
SAVE, 5, 1
SAVE, 5, 2
SAVE, 5, 1
SAVE, 5, 2
SAVE, 5, 2
SAVE, 5, 2
SAVE, 5, 2
SAVE, 5, 2
SAVE, 5, 1
SAVE, 5, 1
SAVE, 5, 2
SAVE, 5, 2
SAVE, 5, 1
SAVE, 5, 1
SAVE, 5, 2
SAVE, 5, 1
SAVE, 5, 1
SAVE, 5, 1
SAVE, 5, 2
SAVE, 5, 1
SAVE, 5, 1
SAVE, 5, 2
SAVE, 5, 2
SAVE, 5, 1
SAVE, 5, 1
SAVE, 5, 1
SAVE, 5, 2
SAVE, 5, 1
SAVE, 5, 1
SAVE, 5, 2
SAVE, 5, 2
SAVE, 5, 2
SAVE, 5, 1
SAVE, 5, 1
SAVE, 5, 1
SAVE, 5, 2
SAVE, 5, 2
SAVE, 5, 2
SAVE, 5, 1
SAVE, 5, 1
SAVE, 5, 2
SAVE, 5, 2
SAVE, 5, 2
SAVE, 5, 2
SAVE, 5, 2
SAVE, 5, 1
SAVE, 5, 1
SAVE, 5, 6
SAVE, 5, 2
SAVE, 5, 2
SAVE, 5, 2
SAVE, 5, 2
SAVE, 5, 2
SAVE, 5, 3
SAVE, 5, 2
SAVE, 5, 2
SAVE, 5, 1
SAVE, 5, 3
SAVE, 5, 3
SAVE, 5, 1
SAVE, 5, 2
SAVE, 5, 2
SAVE, 5, 1
SAVE, 5, 2
SAVE, 5, 2
SAVE, 5, 1
SAVE, 5, 1
SAVE, 5, 2
SAVE, 5, 2
SAVE, 5, 2
SAVE, 5, 2
SAVE, 5, 1
SAVE, 5, 1
SAVE, 5, 2
SAVE, 5, 2
SAVE, 5, 1
SAVE, 5, 1
SAVE, 5, 2
SAVE, 5, 2
SAVE, 5, 2
SAVE, 5, 1
SAVE, 5, 1
SAVE, 5, 1
SAVE, 100, 5
SAVE, 5, 2
SAVE, 1, 1
SAVE, 5, 2
SAVE, 1, 0
SAVE, 5, 2
SAVE, 1, 1
UPDATE, 1, 4
UPDATE, 1, 7
UPDATE, 1, 1
UPDATE, 1, 1
UPDATE, 1, 1
UPDATE, 1, 1
UPDATE, 1, 1
UPDATE, 1, 2
UPDATE, 1, 1
UPDATE, 1, 0
UPDATE, 1, 1
UPDATE, 1, 1
UPDATE, 1, 1
UPDATE, 1, 1
UPDATE, 1, 1
UPDATE, 1, 1
UPDATE, 1, 1
UPDATE, 1, 1
UPDATE, 1, 0
UPDATE, 1, 0
UPDATE, 1, 1
UPDATE, 1, 0
UPDATE, 1, 0
UPDATE, 1, 1
UPDATE, 1, 1
UPDATE, 1, 1
UPDATE, 1, 1
UPDATE, 1, 1
UPDATE, 1, 1
UPDATE, 1, 0
UPDATE, 1, 0
UPDATE, 1, 0
UPDATE, 1, 0
UPDATE, 1, 1
UPDATE, 1, 1
UPDATE, 1, 0
UPDATE, 1, 0
UPDATE, 1, 1
UPDATE, 1, 0
UPDATE, 1, 1
UPDATE, 1, 0
UPDATE, 1, 0
UPDATE, 1, 0
UPDATE, 1, 0
UPDATE, 1, 0
UPDATE, 1, 0
UPDATE, 1, 1
UPDATE, 1, 0
UPDATE, 1, 1
UPDATE, 1, 1
UPDATE, 1, 0
UPDATE, 1, 0
UPDATE, 1, 0
UPDATE, 1, 1
UPDATE, 1, 1
UPDATE, 1, 1
UPDATE, 1, 1
UPDATE, 1, 1
UPDATE, 1, 0
UPDATE, 1, 0
UPDATE, 1, 0
UPDATE, 1, 1
UPDATE, 1, 1
UPDATE, 1, 1
UPDATE, 1, 0
UPDATE, 1, 0
UPDATE, 1, 2
UPDATE, 1, 3
UPDATE, 1, 1
UPDATE, 1, 1
UPDATE, 1, 1
UPDATE, 1, 1
UPDATE, 1, 1
UPDATE, 1, 1
UPDATE, 1, 0
UPDATE, 1, 0
UPDATE, 1, 1
UPDATE, 1, 0
UPDATE, 1, 1
UPDATE, 1, 1
UPDATE, 1, 0
UPDATE, 1, 0
UPDATE, 1, 0
UPDATE, 1, 0
UPDATE, 1, 0
UPDATE, 1, 0
UPDATE, 1, 1
UPDATE, 1, 0
UPDATE, 1, 0
UPDATE, 1, 1
UPDATE, 1, 0
UPDATE, 1, 0
UPDATE, 1, 0
UPDATE, 1, 0
UPDATE, 1, 1
UPDATE, 1, 0
UPDATE, 1, 0
UPDATE, 1, 1
UPDATE, 1, 0
UPDATE, 1, 0
